Datum,Match-up,Bet,Fair,Bookie,Edge,Uitslag,G/F,Result,Inzet,Winst/Verlies,Notitie
03/04/26,,PSG Under 3.5,1.55,1.73,11.61,3-1,F,0,15,-15,F (3-1) 90 min
03/04/26,,PSG Under 2.5 (Fictief),2.31,2.75,19.05,3-1,F,X,,,F (3-1)
03/04/26,,Rayo V Win,1.68,1.73,2.98,1-0,G,1,15,10.95,G (1-0)
03/04/26,,Rayo V Draw,3.68,3.9,5.98,1-0,F,0,5,-5,F (1-0)
03/04/26,,Rayo V Under 2.5,1.67,2,19.76,1-0,G,1,15,15,G (1-0)
Dagtotaal 03/04/26,,,,,,,,,50.00,5.95,ROI 11.9% · 4 plays

04/04/26,,Leverkusen Win,1.31,1.44,9.92,6-3,G,1,20,8.8,G (6-3)
04/04/26,,Hamburger Win,2.13,2.35,10.33,1-1,F,0,10,-10,F (1-1)
04/04/26,,Hoffenheim Win,1.61,1.7,5.59,1-2,F,0,15,-15,F (1-2)
04/04/26,,Hoffenheim over 2.5,1.45,1.67,15.17,1-2,G,1,20,13.4,G (1-2)
04/04/26,,Gladbach Win,1.66,1.62,-2.41,2-2,F,0,15,-15,F (2-2)
04/04/26,,Gladbach Draw,4.08,4.2,2.94,2-2,G,1,5,16,G (2-2)
04/04/26,,Gladbach Under 2.5,2.03,2.3,13.30,2-2,F,0,10,-10,F (2-2)
04/04/26,,Gladbach Under 3.5,1.41,1.5,6.38,2-2,F,X,,,F (2-2) X
04/04/26,,Freiburg over 3.5,1.78,2.1,17.98,2-3,G,1,15,16.5,G (2-3)
04/04/26,,Leipzig Win,1.83,1.9,3.83,1-2,G,1,15,13.5,G (1-2)
04/04/26,,Leipzig Under 3.5,1.59,1.73,8.80,1-2,G,1,15,10.95,G (1-2)
04/04/26,,Strasbourg Win,1.44,1.95,35.42,3-1,G,1,20,19,G (3-1)
04/04/26,,Brest Win,2.31,3,29.87,3-4,F,0,5,-5,F (3-4)
04/04/26,,Brest over 2.5,1.69,1.91,13.02,3-4,G,1,15,13.65,G (3-4)
04/04/26,,Lille over 2.5,1.64,1.83,10.38,3-0,G,1,15,12.45,G (3-0)
04/04/26,,Sassuolo Win,2.02,2.15,6.05,2-1,G,1,10,11.5,G (2-1)
04/04/26,,Hellas Win,3.24,3.9,16.92,0-1,F,0,5,-5,F (0-1)
04/04/26,,Hellas over 2.5,2.18,2.3,5.22,0-1,F,0,10,-10,F (0-1)
04/04/26,,Lazio Win,1.85,1.9,2.63,1-1,F,0,15,-15,F (1-1)
04/04/26,,Utrecht Win,5.05,5.75,12.17,4-3,F,1,5,23.75,F (4-3) G (0-2 EP)
04/04/26,,Psv Over 3.5,1.74,1.83,4.92,4-3,G,1,15,12.45,G (4-3)
04/04/26,,Fortuna Win,4.41,10,55.90,2-0,F,0,5,-5,F (2-0)
04/04/26,,Fortuna Draw,4.69,5.75,18.43,2-0,F,0,5,-5,F (2-0)
04/04/26,,Fortuna +1.5,1.56,2,22.00,2-0,F,X,,,F (2-0) ???
04/04/26,,Telstar Win,2.39,2.63,9.13,0-2,F,0,5,-5,F (0-2) 90min
04/04/26,,Ajax Win,1.97,2.3,14.35,1-2,F,0,10,-10,F (1-2)
04/04/26,,NEC Win,1.7,1.91,10.99,0-2,G,1,15,13.65,G (0-2)
04/04/26,,Estrela Win,3.36,4.5,25.33,2-0,F,0,5,-5,F (2-0)
04/04/26,,Estrela Draw,3.52,3.7,4.86,2-0,F,0,5,-5,F (2-0)
04/04/26,,Moreirense Win,5.49,7,21.57,0-1,F,0,5,-5,F (0-1)
04/04/26,,Moreirense Over 2.5,1.75,2,12.50,0-1,F,0,15,-15,F (0-1)
04/04/26,,Rio Ave Over 2.5,1.74,2.08,16.35,1-2,G,1,15,16.2,G (1-2)
04/04/26,,Mallorca Win,4.79,5.5,12.91,2-1,G,1,5,22.5,G (2-1)
04/04/26,,Mallorca Draw,3.91,4.33,9.70,2-1,F,0,5,-5,F (2-1)
04/04/26,,Mallorca Under 2.5,2.27,2.5,9.20,2-1,F,X,,,F (2-1)
04/04/26,,Mallorca Under 3.5,1.51,1.62,6.79,2-1,G,1,15,9.3,G (2-1) ???
04/04/26,,Betis Win,1.63,1.83,10.93,0-0,F,0,15,-15,F (0-0)
04/04/26,,Betis Over 2.5,1.65,1.85,10.81,0-0,F,0,15,-15,F (0-0)
04/04/26,,Atletico Win,2.22,3.1,28.39,1-2,F,0,10,-10,F (1-2)
04/04/26,,Atletico Under 3.5,1.86,1.91,2.62,1-2,G,1,15,13.65,G (1-2)
Dagtotaal 04/04/26,,,,,,,,,420.00,62.25,ROI 14.8% · 37 plays

05/04/26,,Go Ahead Win,1.5,1.85,18.92,5-0,G,1,20,17,G (5-0)
05/04/26,,Go Ahead Over 2.5,1.27,1.53,16.99,5-0,G,X,,,G (5-0)
05/04/26,,Go Ahead Over 3.5,1.65,2.2,25.00,5-0,G,1,15,18,G (5-0)
05/04/26,,Union Berlin Win,2.01,2.15,6.51,1-1,F,0,10,-10,F (1-1)
05/04/26,,Union Berlin Over 1.5,1.36,1.5,9.33,1-1,G,X,,,G (1-1)
05/04/26,,Union Berlin Over 2.5,2.15,2.5,14.00,1-1,F,0,10,-10,F (1-1)
05/04/26,,Eintracht Win,1.75,1.95,10.26,2-0,G,1,15,14.25,G EP (2-0) F (2-2)
05/04/26,,Lorient Over 2.5,1.74,2.1,17.14,1-1,F,0,15,-15,F (1-1)
05/04/26,,Metz Win,2.21,2.88,23.26,0-0,F,0,10,-10,F (0-0)
05/04/26,,Mets Draw,3.25,3.4,4.41,0-0,G,1,5,12,G (0-0)
05/04/26,,Metz Under 2.5,1.66,1.73,4.05,0-0,G,1,15,10.95,G (0-0)
05/04/26,,Le Havre Win,1.78,2.4,25.83,1-1,F,0,15,-15,F (1-1)
05/04/26,,Le Havre Under 2.5,1.51,1.62,6.79,1-1,G,1,15,9.3,G (1-1)
05/04/26,,AS Monaco Wint,1.86,2.1,11.43,2-1,G,1,15,16.5,G (2-1)
05/04/26,,AS Monaco over 2.5,1.36,1.57,13.38,2-1,G,1,20,11.4,G (2-1)
05/04/26,,AS Monaco Over 3.5,1.87,2.38,21.43,,,X,,,
05/04/26,,Pisa Win,3.19,3.3,3.33,0-1,F,0,5,-5,F (0-1)
05/04/26,,Pisa Draw,2.91,3,3.00,0-1,F,0,5,-5,F (0-1)
05/04/26,,Pisa Under 2.5,1.5,1.62,7.41,0-1,G,1,20,12.4,G (0-1)
05/04/26,,Volendam Win,3.3,6.5,49.23,0-0,F,0,5,-5,F (0-0)
05/04/26,,Volendam Draw,3.85,5,23.00,0-0,G,1,5,20,G (0-0)
05/04/26,,Volendam +0.5,1.78,2.75,35.27,0-0,G,X,,,G (0-0) gedekt ^
05/04/26,,Volendam +1.5,1.31,1.73,24.28,0-0,G,X,,,G (0-0) ???
05/04/26,,Volendam +2.5,1.11,1.3,14.62,0-0,G,X,,,G (0-0) X
05/04/26,,Volendam Under 2.5,2.42,2.7,10.37,0-0,G,X,,,G (0-0) ???
05/04/26,,Volendam Under 3.5,1.57,1.67,5.99,0-0,G,1,15,10.05,G (0-0)
05/04/26,,Heerenveen Win,1.17,1.4,16.43,4-1,G,1,20,8,G (4-1)
05/04/26,,Heerenveen Over 2.5,1.22,1.36,10.29,4-1,G,X,,,G (4-1) X
05/04/26,,Heerenveen Over 3.5,1.55,1.91,18.85,4-1,G,1,15,13.65,G (4-1)
05/04/26,,NAC Win,2.26,2.38,5.04,0-0,F,0,10,-10,F (0-0)
05/04/26,,NAC Over 2.5,1.79,1.85,3.24,0-0,F,0,15,-15,F (0-0)
05/04/26,,Getafe Win,2.18,3.1,29.68,2-0,G,1,10,21,G (2-0)
05/04/26,,Getafe over 1.5,1.52,1.67,8.98,2-0,G,1,15,10.05,G (2-0)
05/04/26,,Celta de Vigo Win,2.82,3.2,11.88,1-3,G,1,5,11,G (1-3)
05/04/26,,Sevilla Win,2.32,2.88,19.44,1-0,F,0,5,-5,F (1-0)
05/04/26,,Alaves Win,2.54,2.63,3.42,2-2,F,0,5,-5,F (2-2)
05/04/26,,Alaves Draw,2.95,3.2,7.81,2-2,G,1,5,11,G (2-2)
05/04/26,,Alaves Under 2.5,1.49,1.67,10.78,2-2,F,0,20,-20,F (2-2)
Dagtotaal 05/04/26,,,,,,,,,360.00,96.55,ROI 26.8% · 30 plays

06/04/26,,Como Win,1.7,1.7,0.00,0-0,F,0,15,-15,F (0-0)
06/04/26,,Como Over 2.5,2,2.05,2.44,0-0,F,0,10,-10,F (0-0)
06/04/26,,Como over 1.5,1.31,1.33,1.50,0-0,F,X,,,F (0-0)
06/04/26,,Lecce Gelijk,3,3.75,20.00,0-3,F,0,5,-5,F (0-3)
06/04/26,,Lecce Under 2.5,1.43,1.83,21.86,0-3,F,0,20,-20,F (0-3)
06/04/26,,Lecce under 3.5,1.15,1.3,11.54,0-3,G,X,,,G (0-3)
06/04/26,,Lecce Under 1.5,2.44,3.5,30.29,0-3,F,X,,,F (0-3)
06/04/26,,Lecce +0.5,1.93,2.1,8.10,0-3,F,X,,,F (0-3)
06/04/26,,Lecce +1.5,1.3,1.38,5.80,0-3,F,X,,,F (0-3)
06/04/26,,Genoa Win,8.39,9.5,11.68,,,0,2.5,-2.5,
06/04/26,,Genoa Over 1.5,1.18,1.29,8.53,,,X,,,
06/04/26,,Genoa Over 2.5,1.58,1.95,18.97,,,0,15,-15,
06/04/26,,Genoa Over 3.5,2.42,3.2,24.38,,,X,,,
06/04/26,,AC Milan Win,2.73,3.1,11.94,,,0,5,-5,
06/04/26,,AC Milan over 1.5,1.29,1.4,8.53,,,X,,,
06/04/26,,AC Milan over 2.5,1.92,2.3,19.79,,,0,10,-10,
06/04/26,,AC Milan over 3.5,3.35,4.33,29.25,,,X,,,
06/04/26,,AC Milan +0.5,1.53,1.55,1.31,,,X,,,
06/04/26,,Estoril Win,2.32,2.65,14.22,,,0,5,-5,
06/04/26,,Estoril Over 1.5,1.12,1.22,8.93,,,X,,,
06/04/26,,Estoril Over 2.5,1.4,1.75,25.00,,,1,20,15,
06/04/26,,Estoril Over 3.5,1.97,2.75,39.59,,,X,,,
06/04/26,,Estoril Over 4.5,3.19,5.5,72.41,,,X,,,
06/04/26,,Estoril +0.5,1.5,1.53,2.00,,,X,,,
06/04/26,,Casa Pia Win,9.61,12,24.87,,,0,2.5,-2.5,
06/04/26,,Casa Pia Draw,5.4,6,11.11,,,1,2.5,12.5,
06/04/26,,Casa Pia +0.5,3.46,4.15,19.94,,,X,,,
06/04/26,,Casa Pia +1.5,1.98,2.2,11.11,,,X,,,
06/04/26,,Casa Pia +2.5,1.4,1.48,5.71,,,X,,,
06/04/26,,Casa Pia +3.5,1.16,1.18,1.72,,,X,,,
06/04/26,,Villarreal Win,1.98,2.25,13.64,,,0,10,-10,
06/04/26,,Villarreal Over 1.5,1.21,1.22,0.83,,,X,,,
06/04/26,,Villareal Over 2.5,1.67,1.67,0.00,,,0,15,-15,
06/04/26,,Villarreal Over 3.5,2.65,2.75,3.77,,,X,,,
06/04/26,,Villareal +0.5,1.32,1.38,4.55,,,X,,,
Dagtotaal 06/04/26,,,,,,,,,137.50,-87.50,ROI -63.6% · 14 plays

10/04/26,,Hoffenheim Win,2.06,2.1,1.94,,,X,,,
10/04/26,,Hoffenheim over 2.5,1.51,1.57,3.97,,,X,,,
10/04/26,,West ham gelijk,3.29,3.75,13.98,,,0,5,-5,
10/04/26,,West ham under 2.5,1.72,2.03,18.02,,,0,15,-15,
10/04/26,,Paris FC Win,2.6,3.86,48.46,,,1,5,14.3,
10/04/26,,Paris FC Over 2.5,1.45,1.67,15.17,,,1,20,13.4,
10/04/26,,Paris +0.5,1.6,1.93,20.63,,,X,,,
10/04/26,,Marseille Win,1.15,1.28,11.30,,,1,20,5.6,
10/04/26,,Marseille -1.5,1.38,1.76,27.54,,,X,,,
10/04/26,,Marseille Over 3.5,1.56,2.17,39.10,,,1,15,17.55,
10/04/26,,Roma Win,1.24,1.39,12.10,,,1,20,7.8,
10/04/26,,Roma -1.5,1.64,2.08,26.83,,,X,,,
10/04/26,,Roma Over 2.5,1.59,1.95,22.64,,,1,15,14.25,
10/04/26,,Twente Under 3.5,1.65,1.99,20.61,,,1,15,14.85,
10/04/26,,Famalicao Win,1.5,1.57,4.67,,,X,,,
10/04/26,,Famalicao Over 2.5,1.98,2.09,5.56,,,X,,,
10/04/26,,Real Madrid Win,1.27,1.32,3.94,,,X,,,
10/04/26,,Real Madrid -1.5,1.69,1.86,10.06,,,X,,,
Dagtotaal 10/04/26,,,,,,,,,130.00,67.75,ROI 52.1% · 9 plays

11/04/26,,Heidenheim Win,2.28,3.11,36.40,,,1,10,21.1,
11/04/26,,Heidenheim Over 2.5,1.72,1.96,13.95,,,1,15,14.4,
11/04/26,,Dortmund Win,1.53,2.01,31.37,,,0,15,-15,
11/04/26,,Dortmund Over 3.5,1.7,2.42,42.35,,,0,15,-15,
11/04/26,,Leipzig Win,1.4,1.54,10.00,,,X,,,
11/04/26,,Leipzig Over 3.5,1.77,2.23,25.99,,,0,15,-15,
11/04/26,,Leipzig -1.5,1.93,2.33,20.73,,,X,,,
11/04/26,,Eintracht Win,2.12,2.66,25.47,,,1,10,16.6,
11/04/26,,Eintracht Over 2.5,1.32,1.66,25.76,,,1,20,13.2,
11/04/26,,Bayern Win,1.22,1.36,11.48,,,1,20,7.2,
11/04/26,,Bayern Over 3.5,1.69,2.3,36.09,,,1,15,19.5,
11/04/26,,Bayern Over 2.5,1.28,1.5,17.19,,,X,,,
11/04/26,,Arsenal Win,1.23,1.45,17.89,,,0,20,-20,
11/04/26,,Arsenal Over 2.5,1.28,1.62,26.56,,,1,20,12.4,
11/04/26,,Burnley Win,4.28,4.5,5.14,,,0,5,-5,
11/04/26,,Burnley Draw,3.48,4,14.94,,,0,5,-5,
11/04/26,,Burnley Under 2.5,1.89,2.1,11.11,,,1,15,16.5,
11/04/26,,Nantes Win,3.68,4.16,13.04,,,0,5,-5,
11/04/26,,Nantes Gelijk,2.9,3.42,17.93,,,1,5,12.1,
11/04/26,,Nantes Under 2.5,1.44,1.69,14.79,,,1,20,13.8,
11/04/26,,Cagliari Gelijk,2.93,3.21,8.72,,,0,5,-5,
11/04/26,,Cagliari Under 2.5,1.48,1.66,10.84,,,1,20,13.2,
11/04/26,,Torino Win,1.59,1.96,18.88,,,1,15,14.4,
11/04/26,,Torino Over 2.5,1.99,2.5,20.40,,,1,10,15,
11/04/26,,Udinese Win,6.32,6.9,8.41,,,1,2.5,14.75,
11/04/26,,Udinese Gelijk,4.1,4.86,15.64,,,0,5,-5,
11/04/26,,Udinese Over 2.5,1.84,1.87,1.60,,,X,,,
11/04/26,,Udinese +1.5,1.58,1.72,8.14,,,X,,,
11/04/26,,Atalanta Win,2.17,3.23,32.82,,,0,10,-10,
11/04/26,,Utrecht Under 2.5,1.97,2.31,14.72,,,0,10,-10,
11/04/26,,PSV Win,1.43,1.85,22.70,,,1,20,17,
11/04/26,,Groningen Under 3.5,1.56,1.68,7.14,,,1,15,10.2,
11/04/26,,Heracles Over 3.5,1.95,2.3,15.22,,,0,10,-10,
11/04/26,,AVS Win,3.5,5.25,33.33,,,0,5,-5,
11/04/26,,AVS Draw,3.16,3.8,16.84,,,1,5,14,
11/04/26,,AVS Under 2.5,1.65,1.88,12.23,,,1,15,13.2,
11/04/26,,Rio Ave Win,4.43,4.83,8.28,,,1,5,19.15,
11/04/26,,Rio Ave Draw,3.48,3.56,2.25,,,X,,,
11/04/26,,Rio Ave Over 2.5,2.21,2.3,3.91,,,X,,,
11/04/26,,Estrela Win,11.51,12,4.08,,,X,,,
11/04/26,,Estrela Over 2.5,1.41,1.48,4.73,,,X,,,
11/04/26,,Sociedad Win,1.72,1.79,3.91,,,X,,,
11/04/26,,Sociedad Over 2.5,1.61,1.96,17.86,,,1,15,14.4,
11/04/26,,Elche Win,1.81,2.55,40.88,,,1,15,23.25,
11/04/26,,Elche Over 2.5,2.04,2.1,2.94,,,X,,,
11/04/26,,Barcelona Win,1.11,1.31,18.02,,,1,20,6.2,
11/04/26,,Barca -1.5,1.3,1.81,39.23,,,X,,,
11/04/26,,Barca Over 3.5,1.62,1.88,16.05,,,1,15,13.2,
11/04/26,,Atletico Madrid Win,2.3,2.45,6.52,,,0,10,-10,
Dagtotaal 11/04/26,,,,,,,,,457.50,199.75,ROI 43.7% · 37 plays

12/04/26,,Bremen Win,2.99,3.33,11.37,,,0,5,-5,
12/04/26,,Bremen Over 2.5,1.65,1.78,7.88,,,1,15,11.7,
12/04/26,,Hamburger Gelijk,3.75,5.43,44.80,,,0,5,-5,
12/04/26,,Hamburger Win,5.21,7.8,49.71,,,0,2.5,-2.5,
12/04/26,,Hamburger +1.5,1.44,1.89,31.25,,,X,,,
12/04/26,,Hamburger Under 3.5,1.37,1.81,32.12,,,0,20,-20,
12/04/26,,Mainz Win,2.03,2.39,17.73,,,0,10,-10,
12/04/26,,Crystal Palace gelijk,3.04,3.6,18.42,,,0,5,-5,
12/04/26,,Crystal Palace Under 2.5,1.57,2.1,33.76,,,0,15,-15,
12/04/26,,Crystal Palace under 3.5,1.2,1.44,20.00,,,X,,,
12/04/26,,Nottingham Under 2.5,1.68,1.8,7.14,,,1,15,12,
12/04/26,,Sunderland Win,2.02,2.7,33.66,,,1,10,17,
12/04/26,,Chelsea Under 2.5,2.28,2.38,4.39,,,X,,,
12/04/26,,Havre Win,4.49,4.78,6.46,,,X,,,
12/04/26,,Havre Under 2.5,1.74,1.91,9.77,,,1,15,13.65,
12/04/26,,Toulouse Win,3.1,3.27,5.48,,,X,,,
12/04/26,,Toulouse Over 2.5,1.62,2.28,40.74,,,1,15,19.2,
12/04/26,,Lyon Win,1.68,1.74,3.57,,,X,,,
12/04/26,,Lyon Gelijk,3.82,4.06,6.28,,,X,,,
12/04/26,,Lyon Under 2.5,1.78,1.98,11.24,,,1,15,14.7,
12/04/26,,Sassuolo Win,3.28,3.58,9.15,,,0,5,-5,
12/04/26,,Sassuolo Over 2.5,2.03,2.21,8.87,,,X,,,
12/04/26,,Parma Gelijk,3.84,4.01,4.43,,,X,,,
12/04/26,,Parma Over 2.5,2.11,2.29,8.53,,,X,,,
12/04/26,,Bologna Gelijk,3.17,3.5,10.41,,,0,5,-5,
12/04/26,,Bologna Under 2.5,1.51,1.76,16.56,,,1,15,11.4,
12/04/26,,Sittard Win,1.93,2.61,35.23,,,0,10,-10,
12/04/26,,NEC Win,1.89,2.25,19.05,,,0,15,-15,
12/04/26,,NEC Over 3.5,1.63,1.98,21.47,,,0,15,-15,
12/04/26,,PEC Win,1.69,2.2,30.18,,,0,15,-15,
12/04/26,,PEC Under 2.5,2.04,2.25,10.29,,,0,10,-10,
12/04/26,,Heerenveen Win,4.02,4.58,13.93,,,X,,,(Odd dropped)
12/04/26,,Alverca Win,1.78,2.09,17.42,,,1,15,16.35,
12/04/26,,Braga Win,1.32,1.44,9.09,,,X,,,(Odd dropped)
12/04/26,,Braga Over 2.5,1.36,1.7,25.00,,,0,20,-20,
12/04/26,,Braga -1.5,1.75,2.19,25.14,,,X,,,
12/04/26,,Benfica Under 3.5,1.72,1.94,12.79,,,1,15,14.1,
12/04/26,,Estoril Win,5.24,6.24,19.08,,,0,2.5,-2.5,
12/04/26,,Estoril Gelijk,4.09,4.52,10.51,,,0,5,-5,
12/04/26,,Estoril +1.5,1.52,1.62,6.58,,,X,,,
12/04/26,,Mallorca Win,1.8,2.49,38.33,,,1,15,22.35,
12/04/26,,Mallorca Over 2.5,2.02,2.3,13.86,,,1,10,13,
12/04/26,,Celta de Vigo Win,1.63,1.7,4.29,,,X,,,
12/04/26,,Celta de Vigo Over 2.5,1.56,2,28.21,,,1,15,15,
Dagtotaal 12/04/26,,,,,,,,,335.00,15.45,ROI 4.6% · 29 plays

13/04/26,,ManU Win,1.43,1.57,9.79,,,0,20,-20,
13/04/26,,ManU Over 2.5,1.5,1.675,11.67,,,1,20,13.5,
13/04/26,,Lazio Win,3.45,3.58,3.77,,,X,,,
13/04/26,,Lazio Gelijk,2.91,3.22,10.65,,,0,5,-5,
13/04/26,,Lazio Under 2.5,1.48,1.66,12.16,,,1,20,13.2,
13/04/26,,Tondela Win,3.25,4.1,26.15,,,0,5,-5,
13/04/26,,Tondela Draw,2.94,3.24,10.20,,,1,5,11.2,
13/04/26,,Tondela Under 2.5,1.48,1.6,8.11,,,0,20,-20,
13/04/26,,Getafe Win,2.69,3.14,16.73,,,0,5,-5,
13/04/26,,Getafe Over 1.5,1.33,1.53,15.04,,,0,20,-20,
13/04/26,,Getafe Over 2.5,2.06,2.63,27.67,,,X,,,
Dagtotaal 13/04/26,,,,,,,,,120.00,-37.10,ROI -30.9% · 9 plays

17/04/26,,Koln Win,2.69,2.45,-8.92,,,X,,,
17/04/26,,Koln Over 2.5,2.01,2.025,0.75,,,X,,,
17/04/26,,Lens Win,1.48,1.53,3.38,,,X,,,
17/04/26,,Como Win,1.58,1.53,-3.16,,,X,,,
17/04/26,,Como Gelijk,4.22,4.4,4.27,,,X,,,
17/04/26,,Como Under 2.5,2.05,2.2,7.32,,,0,10,-10,
17/04/26,,Inter Win,1.15,1.25,8.70,,,1,20,5,
17/04/26,,Inter Over 2.5,1.25,1.57,25.60,,,X,,,
17/04/26,,Inter Over 3.5,1.61,2.5,55.28,,,0,15,-15,
17/04/26,,Rio Ave Win,1.58,1.66,5.06,,,0,15,-15,
17/04/26,,Rio Ave Over 2.5,1.76,1.975,12.22,,,1,15,14.625,
Dagtotaal 17/04/26,,,,,,,,,75.00,-20.38,ROI -27.2% · 5 plays

18/04/26,,Union Berlin Win,1.99,2.15,8.04,,,0,10,-10,
18/04/26,,Union Berlin Over 2.5,1.68,1.9,13.10,,G,1,15,13.5,G
18/04/26,,Leverkusen Win,1.27,1.4,10.24,,,0,20,-20,
18/04/26,,Leverkusen Over 2.5,1.36,1.44,5.88,,,X,,,
18/04/26,,Leverkusen Over 3.5,1.87,2.1,12.30,,,0,15,-15,
18/04/26,,Dortmund Win,2.29,2.5,9.17,,,0,10,-10,
18/04/26,,Dortmund Draw,3.92,4.01,2.30,,,X,,,
18/04/26,,Dortmund under 3.5,1.68,1.71,1.79,,,X,,,
18/04/26,,Hamburger Win,2.91,3.75,28.87,,,0,5,-5,
18/04/26,,Hamburger Gelijk,3.36,3.64,8.33,,,0,5,-5,
18/04/26,,Hamburger Under 2.5,1.88,2.1,11.70,,,0,15,-15,
18/04/26,,Eintracht Win,2.74,3.4,24.09,,,0,5,-5,
18/04/26,,Eintracht Gelijk,3.98,4.16,4.52,,,X,,,
18/04/26,,Eintracht Under 3.5,1.76,1.81,2.84,,,X,,,
18/04/26,,Brentford Win,1.82,2.1,15.38,,,0,15,-15,
18/04/26,,Leeds Win,1.46,1.61,10.27,,,1,20,12.2,
18/04/26,,Leeds Under 2.5,1.83,1.91,4.37,,,X,,,
18/04/26,,Bournemouth Win,2.56,3.5,36.72,,,1,5,12.5,
18/04/26,,Bournemouth Over 2.5,1.34,1.5,11.94,,,X,,,
18/04/26,,Bournemouth Over 3.5,1.83,2.2,20.22,,,0,15,-15,
18/04/26,,Brighton Win,1.75,2.4,37.14,,,0,15,-15,
18/04/26,,Brighton Under 2.5,2.13,2.2,3.29,,,X,,,
18/04/26,,ManU Win,2.74,3.2,16.79,,,1,5,11,
18/04/26,,ManU +0.5,1.59,1.68,5.66,,,X,,,
18/04/26,,Lorient Win,3.29,4.51,37.08,,,1,5,17.55,
18/04/26,,Lorient Over 2.5,1.51,1.675,10.93,,,0,15,-15,
18/04/26,,Angers Win,1.93,2.87,48.70,,,0,10,-10,
18/04/26,,Angers Under 2.5,1.52,1.575,3.62,,,X,,,
18/04/26,,Lille Win,1.41,1.5,6.38,,,0,20,-20,
18/04/26,,Lille Over 2.5,1.48,1.8,21.62,,,0,20,-20,
18/04/26,,Udinese Win,2.01,2.15,6.97,,,0,10,-10,
18/04/26,,Udinese Under 2.5,1.49,1.61,8.05,,,1,20,12.2,
18/04/26,,Lazio Win,5.81,7,20.48,,,1,2.5,15,
18/04/26,,Lazio Gelijk,3.22,4.05,25.78,,,0,5,-5,
18/04/26,,Lazio Under 2.5,1.53,1.66,8.50,,,1,15,9.9,
18/04/26,,Roma Gelijk,3.03,3.3,8.91,,,1,5,11.5,
18/04/26,,Roma Under 2.5,1.56,1.825,16.99,,,1,15,12.375,
18/04/26,,Alverca Win,2.49,3.2,28.51,,,0,5,-5,
18/04/26,,Alverca Over 2.5,1.72,1.9,10.47,,,0,15,-15,
18/04/26,,Casa Pia Win,3.5,3.8,8.57,,,0,5,-5,
18/04/26,,Casa Pia Over 2.5,1.99,2.4,20.60,,,0,10,-10,
18/04/26,,Gil Vicente Win,1.59,2.1,32.08,,,0,15,-15,
18/04/26,,Gil Vicente Over 2.5,1.93,2.1,8.81,,,0,10,-10,
Dagtotaal 18/04/26,,,,,,,,,377.50,-142.27,ROI -37.7% · 33 plays

19/04/26,,Freiburg Win,1.54,1.66,7.79,,,1,15,9.9,
19/04/26,,Bayern Win,1.21,1.4,15.70,,,1,20,8,
19/04/26,,Bayern Over 3.5,1.19,1.61,35.29,,,1,20,12.2,
19/04/26,,Bayern -1.5,1.44,2.04,41.67,,,X,,,
19/04/26,,Gladbach Over 2.5,1.7,1.9,11.76,,,0,15,-15,
19/04/26,,Aston Villa Gelijk,3.3,3.68,11.52,,,0,5,-5,
19/04/26,,Aston Villa Under 2.5,1.59,1.88,18.24,,,0,15,-15,
19/04/26,,Everton Win,2.35,3.1,31.91,,,0,5,-5,
19/04/26,,Burnley Win,4.41,7,58.73,,,0,5,-5,
19/04/26,,Burnley Gelijk,3.4,4.4,29.41,,,0,5,-5,
19/04/26,,Burnley Under 2.5,1.79,2.025,13.13,,,0,15,-15,
19/04/26,,Arsenal Win,3.62,4.2,16.02,,,0,5,-5,
19/04/26,,Arsenal Over 2.5,1.79,2,11.73,,,1,15,15,
19/04/26,,Monaco Win,1.31,1.55,18.32,,,0,20,-20,
19/04/26,,Monaco -1.5,1.79,2.39,33.52,,,X,,,
19/04/26,,Monaco over 2.5,1.5,1.675,11.67,,,1,20,13.5,
19/04/26,,Paris FC Win,1.92,2.15,11.98,,,1,10,11.5,
19/04/26,,Paris FC Gelijk,3.56,3.63,1.97,,,X,,,
19/04/26,,Paris FC Under 2.5,1.81,1.9,4.97,,,0,15,-15,
19/04/26,,Stade Brest Win,2.32,3.1,33.62,,,0,5,-5,
19/04/26,,Stade Brest Over 2.5,1.94,2.25,15.98,,,0,10,-10,
19/04/26,,Strasbourg Win,1.75,2.75,57.14,,,0,15,-15,
19/04/26,,Strasbourg Over 2.5,1.55,1.675,8.06,,,1,15,10.125,
19/04/26,,Torino Win,2.14,2.55,19.16,,,0,10,-10,
19/04/26,,Torino Over 2.5,2.04,2.33,14.22,,,0,10,-10,
19/04/26,,AC Milan Win,1.36,1.55,13.97,,,1,20,11,
19/04/26,,AC Milan -1.5,2.03,2.59,27.59,,,X,,,
19/04/26,,AC Milan Over 2.5,2.03,2.08,2.46,,,X,,,
19/04/26,,Genoa Win,2.29,2.4,4.80,,,X,,,
19/04/26,,Genoa Gelijk,2.93,3.18,8.53,,,0,5,-5,
19/04/26,,Genoa Under 2.5,1.44,1.625,12.85,,,0,20,-20,
19/04/26,,Bologna Win,4.99,6.5,30.26,,,0,5,-5,
19/04/26,,Bologna Gelijk,4.23,4.8,13.48,,,0,5,-5,
19/04/26,,Bologna +1.5,1.54,1.67,8.44,,,X,,,
19/04/26,,Bologna Over 2.5,1.59,1.72,8.18,1-0,,0,15,-15,1-0
19/04/26,,Arouca Win,1.65,1.96,18.79,,,1,15,14.4,
19/04/26,,Estrela Win,3.98,4.14,4.02,,,X,,,
19/04/26,,Estrela Over 2.5,1.65,1.925,16.67,,,0,15,-15,
19/04/26,,Sporting Lissabon Win,1.82,2.1,15.38,,,0,15,-15,
19/04/26,,Porto Win,1.12,1.19,6.25,,,X,,,
19/04/26,,Porto -1.5,1.35,1.67,23.70,,,X,,,
19/04/26,,Porto Over 2.5,1.41,1.675,18.79,,,0,20,-20,
19/04/26,,Braga Win,1.72,1.79,4.07,,,X,,,
19/04/26,,Braga Over 2.5,1.95,1.98,1.54,,,X,,,
Dagtotaal 19/04/26,,,,,,,,,405.00,-149.38,ROI -36.9% · 32 plays

20/04/26,,Lecce Gelijk,3.12,3.34,7.05,,,1,5,11.7,
20/04/26,,Lecce Under 2.5,1.59,1.625,2.20,,,X,,,
20/04/26,,Crystal Palace Win,2.17,2.6,19.82,,,0,10,-10,
20/04/26,,Crystal Palace Under 2.5,1.87,1.91,2.14,,,X,,,
20/04/26,,Moreirense Win,2.32,2.82,21.55,,,1,5,9.1,
Dagtotaal 20/04/26,,,,,,,,,20.00,10.80,ROI 54.0% · 3 plays

21/04/26,,Brighton Win,2.36,2.46,4.24,,,X,,,
21/04/26,,Lens Win,1.38,1.53,10.87,,,X,,,Halve Finale
21/04/26,,Lens Over 2.5,1.58,1.67,5.70,,,X,,,Halve Finale
21/04/26,,Osasuna Win,4.66,4.82,3.43,,,X,,,
21/04/26,,Osasuna Gelijk,3.13,3.54,13.10,,,0,5,-5,
21/04/26,,Osasuna Under 2.5,1.55,1.825,17.74,,,1,15,12.375,
21/04/26,,Mallorca Win,1.64,2.5,52.44,,,0,15,-15,
21/04/26,,Mallorca Over 2.5,1.83,2.2,20.22,,,0,15,-15,
21/04/26,,Betis Win,2.9,3,3.45,,,1,5,10,"3,1 EP"
21/04/26,,Betis Under 2.5,1.93,2.01,4.15,,,X,,,
21/04/26,,Real Madrid Win,1.2,1.24,3.33,,,X,,,
21/04/26,,Real Madrid -1.5,1.52,1.69,11.18,,,X,,,
21/04/26,,Real Madrid Over 3.5,1.92,2.05,6.77,,,0,10,-10,
Dagtotaal 21/04/26,,,,,,,,,65.00,-22.63,ROI -34.8% · 6 plays

22/04/26,,Leverkusen Win,4.55,5,9.89,,,X,,,Beker
22/04/26,,Leverkusen Over 3.5,1.61,1.73,7.45,,,0,15,-15,
22/04/26,,Bournemouth Win,1.75,1.95,11.43,,,0,15,-15,
22/04/26,,Burnley Win,12.22,15,22.75,,,0,1.25,-1.25,
22/04/26,,Burnley Draw,5.58,8,43.37,,,0,2.5,-2.5,
22/04/26,,Burnley Under 3.5,1.62,1.91,17.90,,,1,15,13.65,
22/04/26,,Nantes Draw,6.72,7.5,11.61,,,0,2.5,-2.5,
22/04/26,,Nantes Under 3.5,1.62,1.925,18.83,,,1,15,13.875,
22/04/26,,Strasbourg Win,1.61,1.7,5.59,,,X,,,Beker-
 Odd gedropt
22/04/26,,Sparta Win,2.65,3,13.21,,,0,5,-5,
22/04/26,,Elche Win,2.21,2.35,6.33,,,1,10,13.5,
22/04/26,,Elche Draw,3.32,3.72,12.05,,,0,5,-5,
22/04/26,,Elche Under 2.5,1.76,2.1,19.32,,,0,15,-15,
22/04/26,,Sociedad Win,1.85,2.2,18.92,,,0,15,-15,Beker vreugde
22/04/26,,Sociedad Over 1.5,1.22,1.58,29.51,,,X,,,Beker vreugde
22/04/26,,Sociedad Over 2.5,1.7,2.375,39.71,,,0,15,-15,Beker vreugde
Dagtotaal 22/04/26,,,,,,,,,131.25,-50.23,ROI -38.3% · 13 plays

23/04/26,,Stuttgart Win,1.48,1.61,8.78,,,0,20,-20,
23/04/26,,Stuttgart Under 3.5,1.64,1.57,-4.27,,,X,,,
23/04/26,,Go Ahead Win,1.96,2.15,9.69,,,0,10,-10,
23/04/26,,PSV Win,1.12,1.25,11.61,,,1,20,5,
23/04/26,,PSV Over 3.5,1.18,1.6,35.59,,,1,20,12,
23/04/26,,PSV Over 5.5,1.81,3.5,93.37,,,X,,,
23/04/26,,PSV -1.5,1.27,1.53,20.47,,,X,,,
23/04/26,,PSV -2.5,1.55,2.2,41.94,,,X,,,
23/04/26,,Braga Win,1.57,1.62,3.18,,,X,,,
23/04/26,,Braga Over 2.5,1.61,2.05,27.33,,,0,15,-15,
23/04/26,,Levante Win,1.84,2.5,35.87,,,1,15,22.5,
23/04/26,,Levante Over 2.5,1.68,2.2,30.95,,,0,15,-15,
23/04/26,,Espanyol Win,3.76,3.8,1.06,,,0,5,-5,
23/04/26,,Espanyol Gelijk,3.1,3.42,10.32,,,0,5,-5,
23/04/26,,Espanyol Under 2.5,1.6,1.95,21.88,,,1,15,14.25,
23/04/26,,Villareal Win,1.97,2.05,4.06,,,0,10,-10,
23/04/26,,Villarreal Gelijk,3.27,3.3,0.92,,,1,5,11.5,
23/04/26,,Villarreal Under 2.5,1.58,1.85,17.09,,,1,15,12.75,
Dagtotaal 23/04/26,,,,,,,,,170.00,-2.00,ROI -1.2% · 13 plays

24/04/26,,Leipzig Win,1.27,1.53,20.47,,,1,20,10.6,
24/04/26,,Leipzig -1.5,1.66,2.05,23.49,,,X,,,
24/04/26,,Leipzig Over 3.5,1.9,2.5,31.58,,,1,15,22.5,
24/04/26,,Sunderland Win,1.69,2.7,59.76,,,0,15,-15,
24/04/26,,Sunderland Over 2.5,2,2.2,10.00,,,1,10,12,
24/04/26,,Brest Win,3.5,5.75,64.29,,,1,5,23.75,
24/04/26,,Brest Draw,3.84,4.3,11.98,,,1,5,16.5,
24/04/26,,Napoli Draw,4.99,4.85,-2.81,,,X,,,
24/04/26,,Napoli Over 2.5,1.93,1.8,-6.74,,,X,,,
24/04/26,,Arouca Win,2.79,3.54,26.88,,,0,5,-5,NO EP
24/04/26,,Arouca Over 2.5,1.87,1.9,1.60,,,X,,,
24/04/26,,Betis Win,3.43,3.6,4.96,,,0,5,-5,
24/04/26,,Betis Gelijk,3.87,4.15,7.24,,,1,5,15.75,
24/04/26,,Betis Under 3.5,1.64,1.72,4.88,,,1,15,10.8,
Dagtotaal 24/04/26,,,,,,,,,100.00,86.90,ROI 86.9% · 10 plays

25/04/26,,Fulham Gelijk,3.61,3.7,2.49,1-0,F,X,,,F (1-0)
25/04/26,,Lyon Win,1.45,1.6,10.34,,,1,20,12,
25/04/26,,Parma Win,1.77,2.3,29.94,,,1,15,19.5,
25/04/26,,Parma Over 2.5,2.02,2.62,29.70,,,0,10,-10,
25/04/26,,Alaves Win,1.97,2.05,4.06,,,1,10,10.5,
25/04/26,,Bayern Win,1.28,1.7,32.81,,,1,15,10.5,CL
25/04/26,,Bayern -1.5,1.67,2.6,55.69,,,X,,,CL
25/04/26,,Frankfurt Win,2.42,2.45,1.24,,,0,5,-5,(EP Taken)
25/04/26,,Frankfurt Over 3.5,1.81,2.32,28.18,,,0,15,-15,
25/04/26,,Koln Win,3.69,3.9,5.69,,,X,,,
25/04/26,,Koln Over 3.5,1.88,2.34,24.47,,,0,15,-15,
25/04/26,,Gladbach Win,2.89,2.87,-0.69,,,X,,,
25/04/26,,Hamburger Win,3.85,4,3.90,,,0,5,-5,
25/04/26,,Hamburger Draw,3.94,4.2,6.60,,,0,5,-5,
25/04/26,,Hamburger Under 3.5,1.62,1.725,6.48,,,1,15,10.875,
25/04/26,,Crystal Palace Win,4.13,5.25,27.12,,,X,,,UCL
25/04/26,,Crystal Palace Draw,3.69,4.5,21.95,,,X,,,UCL
25/04/26,,CP Under 2.5,2.16,2.5,15.74,,,0,10,-10,UCL
25/04/26,,Everton Win,2.53,2.87,13.44,,,0,5,-5,
25/04/26,,Wolverhampton Win,3.06,4.5,47.06,,,0,5,-5,
25/04/26,,Wolverhampton Draw,3.49,4.4,26.07,,,0,5,-5,
25/04/26,,Wolverhampton Under 2.5,2.08,2.3,10.58,,,1,10,13,
25/04/26,,Arsenal Win,1.4,1.44,2.86,,,X,,,CL
25/04/26,,Angers Win,6.23,11,76.56,,,0,2.5,-2.5,PSG CL
25/04/26,,Angers Draw,4.12,6.5,57.77,,,0,5,-5,PSG CL
25/04/26,,Angers Under 2.5,2.15,2.63,22.33,,,0,10,-10,PSG CL
25/04/26,,Toulouse Win,3.25,4.2,29.23,,,0,5,-5,
25/04/26,,Toulouse Draw,3.78,4.21,11.38,,,1,5,16.05,
25/04/26,,Bologna Win,2.72,3.4,25.00,,,0,5,-5,
25/04/26,,Bologna Draw,3.15,3.18,0.95,,,X,,,
25/04/26,,Bologna Under 2.5,1.7,1.81,6.47,,,1,15,12.15,
25/04/26,,Lecce Win,3.19,3.1,-2.82,,,X,,,
25/04/26,,Lecce Draw,2.74,3,9.49,,,1,5,10,
25/04/26,,Lecce Under 1.5,2.27,2.47,8.81,,,X,,,
25/04/26,,Feyenoord Win,1.53,1.65,7.84,,,1,15,9.75,
25/04/26,,Feyenoord -1.5,2.21,2.67,20.81,,,X,,,
25/04/26,,Feyenoord Over 3.5,1.9,2.35,23.68,,,1,15,20.25,
25/04/26,,Fortuna Win,5.01,5.75,14.77,,,0,2.5,-2.5,
25/04/26,,Fortuna Over 3.5,1.85,1.9,2.70,,,X,,,
25/04/26,,Ajax Over 2.5,1.67,1.75,4.79,,,0,15,-15,
25/04/26,,NEC Win,3.39,5,47.49,,,0,5,-5,
25/04/26,,NEC Over 3.5,1.92,2,4.17,,,X,,,
25/04/26,,Nacional Win,2.44,2.45,0.41,,,X,,,
25/04/26,,Nacional Gelijk,2.89,3.42,18.34,,,0,5,-5,
25/04/26,,Nacional Under 2.5,1.42,1.9,33.80,,,1,20,18,
25/04/26,,Moreirense Win,19.05,17,-10.76,,,X,,,
25/04/26,,Moreirense Draw,7.74,10.5,35.66,,,0,2.5,-2.5,
25/04/26,,Moreirense Over 3.5,2.08,2.075,-0.24,,,X,,,
25/04/26,,Vitoria Win,1.75,1.71,-2.29,,,X,,,
25/04/26,,Vitoria -1.5,2.83,3.36,18.73,,,X,,,
25/04/26,,Vitoria Over 2.5,1.64,1.88,14.63,,,0,15,-15,
25/04/26,,Getafe Win,4.74,5.25,10.76,,,0,5,-5,
25/04/26,,Getafe Draw,3.94,3.82,-3.05,,,X,,,
25/04/26,,Getafe Over 2.5,1.76,1.925,9.38,,,0,15,-15,
25/04/26,,Valencia Gelijk,3.36,3.34,-0.60,,,X,,,
25/04/26,,Valencia Under 2.5,1.85,1.825,-1.35,,,X,,,
25/04/26,,Atletico Madrid Win,1.42,2,40.85,,,1,15,15,CL
25/04/26,,Atletico Madrid Over 2.5,1.7,1.91,12.35,,,1,15,13.65,CL
Dagtotaal 25/04/26,,,,,,,,,362.50,18.73,ROI 5.2% · 37 plays

26/04/26,,Stuttgart Win,1.56,1.6,2.56,,,X,,,
26/04/26,,Stuttgart Under 3.5,1.55,1.72,10.97,,,1,15,10.8,
26/04/26,,Dortmund Win,1.29,1.42,10.08,,,1,20,8.4,
26/04/26,,Dortmund -1.5,1.71,2.04,19.30,,,X,,,
26/04/26,,Dortmund Over 3.5,1.99,2.38,19.60,,,1,10,13.8,
26/04/26,,Lorient Win,1.96,1.9,-3.06,,,X,,,
26/04/26,,Lorient Over 2.5,1.42,1.725,21.48,,,1,20,14.5,
26/04/26,,Havre Win,1.63,1.53,-6.13,,,X,,,
26/04/26,,Havre Under 2.5,1.84,1.93,4.89,,,0,15,-15,
26/04/26,,Havre Gelijk,3.99,4.4,10.28,,,1,5,17,
26/04/26,,Lille Win,1.63,1.8,10.43,,,1,15,12,
26/04/26,,Lille over 2.5,1.31,1.825,39.31,,,0,20,-20,
26/04/26,,Stade Rennes Under 2.5,2.1,2.2,4.76,,,0,10,-10,
26/04/26,,Marseille Win,1.34,1.6,19.40,,,0,20,-20,
26/04/26,,Marseille -1.5,1.8,2.39,32.78,,,X,,,
26/04/26,,Marseille Over 3.5,1.87,2.3,22.99,,,0,15,-15,
26/04/26,,Sassuolo Win,3.05,4,31.15,,,0,5,-5,
26/04/26,,Sassuolo Gelijk,3.45,3.5,1.45,,,X,,,
26/04/26,,Genoa Gelijk,3.49,3.9,11.75,,,0,5,-5,
26/04/26,,Inter Win,1.38,1.42,2.90,,,X,,,
26/04/26,,Inter Over 2.5,1.42,1.57,10.56,,,X,,,
26/04/26,,Inter Over 3.5,2.03,2.5,23.15,,,1,10,15,
26/04/26,,Juventus Win,2.28,2.7,18.42,,,0,10,-10,
26/04/26,,Juventus Over 2.5,1.94,2.01,3.61,,,0,10,-10,
26/04/26,,Utrecht Win,1.95,2.15,10.26,5-0,F,0,10,-10,F (5-0)
26/04/26,,Utrecht Under 2.5,2.05,2.1,2.44,5-0,F,X,,,F (5-0)
26/04/26,,Heracles Win,2.11,2.15,1.90,,,X,,,
26/04/26,,Heracles Gelijk,3.61,4.05,12.19,,,0,5,-5,
26/04/26,,Heracles Under 2.5,1.96,2.2,12.24,,,1,10,12,
26/04/26,,Estoril Win,2.68,3.6,34.33,,,0,5,-5,
26/04/26,,Estoril Gelijk,3.51,3.72,5.98,,,0,5,-5,
26/04/26,,Estoril Under 2.5,2.07,2.25,8.70,,,1,10,12.5,
26/04/26,,Braga Win,1.69,2.1,24.26,,,0,15,-15,UCL game
26/04/26,,Braga Over 2.5,2.09,2.45,17.22,,,1,10,14.5,UCL game
26/04/26,,Porto -1.5,1.88,2.06,9.57,,,X,,,
26/04/26,,Porto Over 2.5,1.61,1.925,19.57,,,1,15,13.875,
26/04/26,,AFS gelijk,7.78,10.5,34.96,,,1,2.5,23.75,
26/04/26,,AFS Under 3.5,1.82,2.075,14.01,,,1,15,16.125,
26/04/26,,Vallecano Win,1.87,2.87,53.48,,,0,15,-15,
26/04/26,,Vallecano Under 2.5,1.68,2.025,20.54,,,0,15,-15,
26/04/26,,Oviedo Draw,2.92,3.62,23.97,,,0,5,-5,
26/04/26,,Oviedo Under 2.5,1.49,1.825,22.48,,,0,20,-20,
26/04/26,,Osasuna Win,1.65,1.9,15.15,,,1,15,13.5,
26/04/26,,Osasuna Over 2.5,1.71,2.2,28.66,,,1,15,18,
26/04/26,,Villarreal Win,1.79,1.96,9.50,,,1,15,14.4,"NO EP (1,83)"
Dagtotaal 26/04/26,,,,,,,,,407.50,25.15,ROI 6.2% · 34 plays

27/04/26,,ManU Win,1.76,1.9,7.95,,,1,15,13.5,
27/04/26,,Cagliari Win,4.57,4.75,3.94,,,1,5,18.75,
27/04/26,,Cagliari Gelijk,3.14,3.86,22.93,,,0,5,-5,
27/04/26,,Cagliari Under 2.5,1.58,1.925,21.84,,,0,15,-15,
27/04/26,,Udinese Win,3.72,3.75,0.81,,,X,,,
27/04/26,,Udinese Over 2.5,1.89,2.25,19.05,,,1,15,18.75,
27/04/26,,Gil Vicente Win,1.44,1.66,15.28,,,1,20,13.2,
27/04/26,,Gil Vicente Over 2.5,1.95,2.1,7.69,,,1,10,11,
27/04/26,,Levante Win,2.95,3.8,28.81,,,0,5,-5,
27/04/26,,Levante Gelijk,3.23,3.36,4.02,,,X,,,
27/04/26,,Levante Under 2.5,1.77,1.8,1.69,,,X,,,
Dagtotaal 27/04/26,,,,,,,,,90.00,50.20,ROI 55.8% · 8 plays

29/04/26,,Sporting Lissabon Win,1.06,1.1,3.77,,,X,,,
29/04/26,,Sporting Lissabon Over 3.5,1.51,1.925,27.48,,,1,15,13.875,
Dagtotaal 29/04/26,,,,,,,,,15.00,13.88,ROI 92.5% · 1 plays

01/05/26,,Burnley Win,5.45,7.5,37.61,,,0,2.5,-2.5,
01/05/26,,Burnley Draw,4.19,4.7,12.17,,,0,5,-5,
01/05/26,,Pisa Draw,2.47,3.02,22.27,,,0,5,-5,
01/05/26,,Pisa Under 2.5,1.22,1.53,25.41,,,0,20,-20,
01/05/26,,Girona Win,2.04,2.05,0.49,,,X,,,
01/05/26,,Girona Under 2.5,2.05,2,-2.44,,,X,,,
Dagtotaal 01/05/26,,,,,,,,,32.50,-32.50,ROI -100.0% · 4 plays

02/05/26,,Union Berlin Win,2.26,2.53,11.95,,,0,10,-10,
02/05/26,,Bayern Win,1.05,1.22,16.19,,,0,20,-20,
02/05/26,,Bayern Over 3.5,1.22,1.61,31.97,,,1,20,12.2,
02/05/26,,Eintracht Win,1.58,1.75,10.76,,,0,15,-15,
02/05/26,,Eintracht Under 3.5,1.57,1.66,5.73,,,1,15,9.9,
02/05/26,,Hoffenheim Win,2.15,2.3,6.98,,,1,10,13,
02/05/26,,Hoffenheim Over 3.5,1.63,1.925,18.10,,,1,15,13.875,
02/05/26,,Augsburg Win,3.35,3.6,7.46,,,0,5,-5,
02/05/26,,Augsburg Draw,3.74,3.86,3.21,,,1,5,14.3,
02/05/26,,Augsburg Under 2.5,2.34,2.3,-1.71,,,X,,,
02/05/26,,Leverkusen Win,1.94,2.1,8.25,,,1,10,11,
02/05/26,,Leverkusen Under 3.5,1.91,1.925,0.79,,,X,,,
02/05/26,,Brentford Win,1.74,1.95,12.07,,,1,15,14.25,
02/05/26,,Brighton Win,2.13,2.6,22.07,,,0,10,-10,
02/05/26,,Brighton Over 2.5,1.61,1.72,6.83,,,1,15,10.8,
02/05/26,,Sunderland Draw,3.32,3.44,3.61,,,X,,,
02/05/26,,Sunderland Under 2.5,1.77,1.8,1.69,,,X,,,
02/05/26,,Arsenal Win,1.38,1.44,4.35,,,X,,,
02/05/26,,Arsenal Over 2.5,1.72,1.8,4.65,,,X,,,
02/05/26,,Nantes Draw,3.88,4.2,8.25,,,0,5,-5,
02/05/26,,Nantes Under 2.5,2.2,2.3,4.55,,,X,,,
02/05/26,,PSG Win,1.2,1.3,8.33,,,0,20,-20,
02/05/26,,Metz Win,6.17,6.25,1.30,,,0,2.5,-2.5,
02/05/26,,Metz Draw,4.35,5.45,25.29,,,0,5,-5,
02/05/26,,Metz Under 3.5,1.57,1.85,17.83,,,1,15,12.75,
02/05/26,,Nice Win,3.74,4,6.95,,,0,5,-5,
02/05/26,,Nice Draw,4.08,4.25,4.17,,,1,5,16.25,
02/05/26,,Nice over 2.5,1.56,1.57,0.64,,,X,,,
02/05/26,,Torino Win,3.38,3.25,-3.85,,,X,,,
02/05/26,,Torino Draw,3.26,3.22,-1.23,,,X,,,
02/05/26,,Como Win,2.1,2.25,7.14,,,0,10,-10,
02/05/26,,Como Over 2.5,1.81,2.15,18.78,,,0,15,-15,
02/05/26,,Atalanta Win,1.6,1.57,-1.88,,,X,,,
02/05/26,,Utrecht Win,1.31,1.8,37.40,,,1,20,16,
02/05/26,,Utrecht -1.5,1.83,3.23,76.50,,,X,,,
02/05/26,,Groningen Win,1.39,1.7,22.30,,,0,20,-20,
02/05/26,,Groningen -1.5,2.01,2.71,34.83,,,X,,,
02/05/26,,Groningen Under 3.5,1.63,1.61,-1.23,,,X,,,
02/05/26,,Ajax Gelijk,4.05,4.25,4.94,,,1,5,16.25,
02/05/26,,Ajax Under 3.5,1.77,1.925,8.76,,,0,15,-15,
02/05/26,,NEC Over 3.5,1.85,1.975,6.76,,,0,15,-15,
02/05/26,,Arouca Win,2.45,2.7,10.20,,,0,5,-5,
02/05/26,,Arouca Over 2.5,1.84,2.35,27.72,,,1,15,20.25,
02/05/26,,Nacional Win,1.39,1.42,2.16,,,X,,,
02/05/26,,Nacional Over 2.5,1.59,1.65,3.77,,,X,,,
02/05/26,,Moreirense Win,2,2.45,22.50,,,1,10,14.5,
02/05/26,,Famalicao Win,3.6,5.25,45.83,,,0,5,-5,Benfica Titel?
02/05/26,,Famalicao Draw,3.41,3.8,11.44,,,1,5,14,Benfica Titel?
02/05/26,,Famalicao +1.5,1.28,1.52,18.75,,,X,,,Benfica Titel?
02/05/26,,Famalicao Under 2.5,1.88,2.1,11.70,,,0,15,-15,
02/05/26,,Porto Win,1.15,1.17,1.74,,,X,,,
02/05/26,,Porto -1.5,1.42,1.6,12.68,,,X,,,
02/05/26,,Porto Over 3.5,1.91,2.375,24.35,,,0,10,-10,…
02/05/26,,Villarreal Win,1.3,1.7,30.77,,,1,20,14,
02/05/26,,Villarreal -1.5,1.75,2.97,69.71,,,X,,,
02/05/26,,Villarreal Over 2.5,1.48,1.575,6.42,,,1,20,11.5,
02/05/26,,Atl Madrid Under 2.5,1.89,2.03,7.41,,F,1,15,15.45,Fully B Atl M?
02/05/26,,Alaves Win,2.05,2.7,31.71,,,0,10,-10,
02/05/26,,Alaves Over 2.5,2.03,2.03,0.00,,,X,,,
02/05/26,,Osasuna Win,4.18,4.5,7.66,,,0,5,-5,
02/05/26,,Barca Win -1.5,2.89,2.75,-4.84,,,X,,,
02/05/26,,Barca Over 3.5,1.87,2.3,22.99,,,0,15,-15,
Dagtotaal 02/05/26,,,,,,,,,472.50,12.78,ROI 2.7% · 40 plays

03/05/26,,Mainz Win,1.99,2.55,28.14,,,1,10,15.5,
03/05/26,,Mainz Over 2.5,1.91,2.1,9.95,,,1,10,11,
03/05/26,,Dortmund Win,1.61,1.96,21.74,,,0,15,-15,
03/05/26,,Dortmund Over 2.5,1.57,1.64,4.46,,,X,,,
03/05/26,,Freiburg Win,1.51,2.55,68.87,,,0,15,-15,
03/05/26,,Freiburg Over 2.5,1.43,1.74,21.68,,,0,20,-20,
03/05/26,,Crystal Palace Win,4.68,5.25,12.18,,,0,5,-5,
03/05/26,,Crystal Palace Draw,3.65,4.15,13.70,,,0,5,-5,
03/05/26,,Crystal Palace Under 2.5,2,2.2,10.00,,,0,10,-10,
03/05/26,,ManU Win,1.97,2.2,11.68,,,1,10,12,
03/05/26,,ManU Over 2.5,1.44,1.53,6.25,,,1,20,10.6,
03/05/26,,Spurs Draw,3.44,3.62,5.23,,,0,5,-5,
03/05/26,,Spurs over 2.5,1.73,1.75,1.16,,,X,,,
03/05/26,,Lille Win,1.33,1.42,6.77,,,0,20,-20,
03/05/26,,Lille Over 2.5,1.81,1.9,4.97,,,X,,,
03/05/26,,Angers Win,4.6,5.5,19.57,,,0,5,-5,
03/05/26,,Angers Draw,2.84,3.8,33.80,,,0,5,-5,
03/05/26,,Angers Under 2.5,1.36,1.72,26.47,,,0,20,-20,
03/05/26,,Paris FC Win,1.69,2,18.34,,,1,15,15,
03/05/26,,Paris FC Over 2.5,1.61,1.85,14.91,,,1,15,12.75,
03/05/26,,Strasbourg Win,1.84,2.8,52.17,,,0,15,-15,
03/05/26,,Strasbourg Under 2.5,1.99,2,0.50,,,X,,,
03/05/26,,Lyon Win,1.91,2.15,12.57,,,1,10,11.5,
03/05/26,,Lyon Over 2.5,1.48,1.625,9.80,,,1,20,12.5,
03/05/26,,Cagliari Win,4.72,4.86,2.97,,,X,,,
03/05/26,,Cagliari Draw,3.36,3.52,4.76,,,X,,,
03/05/26,,Cagliari Under 2.5,1.75,1.77,1.14,,,X,,,
03/05/26,,Sassuolo Draw,3.69,4.15,12.47,,,0,5,-5,
03/05/26,,Sassuolo Under 2.5,1.91,2.21,15.71,,,1,10,12.1,
03/05/26,,Juventus Win,1.16,1.2,3.45,,,X,,,
03/05/26,,Juventus Over 2.5,1.48,1.61,8.78,,,0,20,-20,
03/05/26,,Parma Draw,6.72,7.2,7.14,,,0,2.5,-2.5,
03/05/26,,Volendam Win,2.54,3.6,41.73,,,0,5,-5,
03/05/26,,Volendam Draw,3.89,4.3,10.54,,,0,5,-5,
03/05/26,,Volendam Under 3.5,1.64,1.675,2.13,,,X,,,
03/05/26,,Fortuna Win,4.76,5.5,15.55,,,0,5,-5,
03/05/26,,Fortuna Draw,4.57,4.95,8.32,,,0,5,-5,
03/05/26,,Fortuna Over 3.5,2.16,2.3,6.48,,,0,10,-10,
03/05/26,,Pec gelijk,4.92,5.3,7.72,,,0,5,-5,
03/05/26,,Pec Under 3.5,1.56,1.675,7.37,,,1,15,10.125,
03/05/26,,AZ Win,2.39,2.75,15.06,,,0,5,-5,
03/05/26,,AZ Over 2.5,1.41,1.44,2.13,,,X,,,
03/05/26,,Go Ahead Win,2.86,3.1,8.39,,,0,5,-5,
03/05/26,,Go Ahead Draw,3.47,4.05,16.71,,,1,5,15.25,
03/05/26,,Go Ahead Under 3.5,1.37,1.625,18.61,,,0,20,-20,
03/05/26,,Casa Pia Win,1.8,2.25,25.00,,,0,15,-15,
03/05/26,,Casa Pia Over 2.5,2.06,2.2,6.80,,,0,10,-10,
03/05/26,,Braga Win,1.43,1.66,16.08,,,0,20,-20,B Elftal?
03/05/26,,Braga Over 2.5,1.43,1.625,13.64,,,0,20,-20,B
03/05/26,,Rio Ave Win,3.37,3.75,11.28,,,0,5,-5,
03/05/26,,Rio Ave Draw,3.56,3.52,-1.12,,,X,,,
03/05/26,,Rio Ave Over 2.5,1.93,1.97,2.07,,,X,,,
03/05/26,,Elche Win,2.89,4.5,55.71,,,0,5,-5,
03/05/26,,Elche Draw,3.75,3.94,5.07,,,0,5,-5,
03/05/26,,Elche Over 2.5,1.68,1.7,1.19,,,X,,,
03/05/26,,Getafe Draw,3.01,3.39,12.62,,,0,5,-5,
03/05/26,,Betis Win,1.51,1.55,2.65,,,X,,,
03/05/26,,Betis Over 2.5,1.54,1.9,23.38,,,1,15,13.5,
03/05/26,,Real Madrid Win,1.65,1.75,6.06,,,1,15,11.25,
03/05/26,,Real Madrid Under 3.5,1.47,1.575,7.14,,,1,20,11.5,
Dagtotaal 03/05/26,,,,,,,,,507.50,-142.93,ROI -28.2% · 46 plays

04/05/26,,Everton Win,6.27,6.5,3.67,,,1,2.5,13.75,
04/05/26,,Everton Draw,4.22,4.7,11.37,,,1,5,18.5,
04/05/26,,Lazio Win,2.32,2.3,-0.86,,,X,,,
04/05/26,,Lazio Draw,2.75,3.3,20.00,,,0,5,-5,
04/05/26,,Lazio Under 2.5,1.33,1.78,33.83,,,0,20,-20,
04/05/26,,Roma Draw,4.02,4.4,9.45,,,0,5,-5,
04/05/26,,Roma Under 2.5,1.97,1.975,0.25,,,X,,,
04/05/26,,Sporting Lissabon Win,1.16,1.24,6.90,,,1,20,4.8,
04/05/26,,Sporting -1.5,1.41,1.78,26.24,,,X,,,
04/05/26,,Sporting Over 3.5,1.78,2.15,20.79,,,1,15,17.25,
04/05/26,,Sociedad Win,2.7,2.9,7.41,,,0,5,-5,
04/05/26,,Sociedad Over 2.5,1.88,1.95,3.72,,,X,,,
Dagtotaal 04/05/26,,,,,,,,,77.50,19.30,ROI 24.9% · 8 plays

08/05/26,,Dortmund Win,1.44,1.48,2.78,,,X,,,Dortmund motivatie?
08/05/26,,Dortmund -1.5,2,2.28,14.00,,,X,,,Dortmund motivatie?
08/05/26,,Dortmund Over 3.5,1.82,1.925,5.77,,,1,15,13.875,Dortmund motivatie?
08/05/26,,Lens win,1.26,1.44,14.29,,,1,20,8.8,
08/05/26,,Lens Under 2.5,2.4,2.62,9.17,,,1,5,8.1,
08/05/26,,Sassuolo Win,2.92,2.9,-0.68,,,X,,,
08/05/26,,Sassuolo Over 2.5,1.86,1.8,-3.23,,,X,,,
08/05/26,,Osasuna Win,2.94,2.8,-4.76,,,X,,,Osasuna motivatie?
08/05/26,,Osasuna Draw,3.06,3.36,9.80,,,0,5,-5,Osasuna motivatie?
08/05/26,,Osasuna Under 2.5,1.6,1.925,20.31,,,0,15,-15,Osasuna motivatie?
Dagtotaal 08/05/26,,,,,,,,,60.00,10.77,ROI 18.0% · 5 plays

09/05/26,,Hoffenheim Under 3.5,1.85,1.925,4.05,,,X,,,
09/05/26,,Leipzig Win,1.27,1.33,4.72,,,X,,,
09/05/26,,Stuttgart Win,2.18,2.23,2.29,,,X,,,
09/05/26,,Stuttgart Draw,3.96,4.1,3.54,,,X,,,
09/05/26,,Stuttgart Under 3.5,1.78,2.025,13.76,,,0,15,-15,
09/05/26,,Bayern Win,1.14,1.48,29.82,,,1,20,9.6,Bayern B?
09/05/26,,Bayern Over 3.5,1.38,1.61,16.67,,,0,20,-20,Bayern B?
09/05/26,,Liverpool Under 2.5,2.62,2.3,-12.21,,,X,,,
09/05/26,,Liverpool Under 3.5,1.65,1.53,-7.27,,,X,,,
09/05/26,,Brighton Draw,5.57,6.6,18.49,,,0,2.5,-2.5,
09/05/26,,Brighton Under 2.5,1.99,2.62,31.66,,,0,10,-10,
09/05/26,,Brighton Under 3.5,1.39,1.65,18.70,,,X,,,
09/05/26,,Fulham Win,2.3,2.62,13.91,,,0,10,-10,
09/05/26,,Fulham Over 2.5,1.46,1.625,11.30,,,X,,,
09/05/26,,Fulham Over 3.5,2.13,2.425,13.85,,,0,10,-10,
09/05/26,,City Win,1.27,1.36,7.09,,,1,20,7.2,
09/05/26,,Udinese Win,2.42,3,23.97,,,1,5,10,
09/05/26,,Udinese Over 2.5,1.81,2.3,27.07,,,0,15,-15,
09/05/26,,Inter Win,1.65,1.83,10.91,,,1,15,12.45,Inter kampioen? - Lazio - Inter Bekerfinale
09/05/26,,Inter Over 2.5,1.53,1.8,17.65,,,1,15,12,Inter kampioen?
09/05/26,,Juventus Draw,3.95,4.55,15.19,,,0,5,-5,
09/05/26,,Juventus Under 2.5,1.82,1.95,7.14,,,1,15,14.25,
09/05/26,,Elche Win,2,2.25,12.50,,,0,10,-10,
09/05/26,,Elche Over 2.5,1.87,1.975,5.62,,,0,15,-15,
09/05/26,,Sevilla Draw,3.47,3.26,-6.05,,,X,,,
09/05/26,,Sevilla Over 2.5,2.08,2.3,10.58,,,1,10,13,
09/05/26,,Atletico Madrid Win,1.77,1.85,4.52,,,X,,,Uitgeschakeld CL
09/05/26,,Sociedad Over 2.5,1.58,1.66,5.06,,,1,15,9.9,
Dagtotaal 09/05/26,,,,,,,,,227.50,-24.10,ROI -10.6% · 18 plays

10/05/26,,Hamburger Win,2.4,2.7,12.50,,,1,5,8.5,
10/05/26,,Hamburger Draw,3.42,3.72,8.77,,,0,5,-5,
10/05/26,,Hamburger Under 2.5,1.9,2.2,15.79,,,0,15,-15,
10/05/26,,Koln Win,1.94,2.05,5.67,,,0,10,-10,
10/05/26,,Koln Under 3.5,1.73,1.85,6.94,,,0,15,-15,
10/05/26,,Union Berlin Win,4.38,4.75,8.45,,,1,5,18.75,
10/05/26,,Union Berlin Draw,3.53,4.2,18.98,,,0,5,-5,
10/05/26,,Union Berlin Under 2.5,1.89,2.2,16.40,,,0,15,-15,
10/05/26,,Burnley Draw,3.41,4.25,24.63,,,1,5,16.25,
10/05/26,,Burnley Under 2.5,1.66,2.025,21.99,,,0,15,-15,
10/05/26,,Everton Win,2.45,2.35,-4.08,,,X,,,
10/05/26,,Everton Draw,2.94,3.38,14.97,,,1,5,11.9,
10/05/26,,Everton Under 2.5,1.46,1.91,30.82,,,0,20,-20,
10/05/26,,Nottingham Draw,3.02,3.62,19.87,,,1,5,13.1,
10/05/26,,Nottingham Under 2.5,1.57,2.1,33.76,,,1,15,16.5,
10/05/26,,Arsenal Over 2.5,1.67,1.73,3.59,,,X,,,
10/05/26,,Auxerre Win,2.07,2.4,15.94,,,1,10,14,
10/05/26,,Auxerre Draw,3.41,3.44,0.88,,,X,,,
10/05/26,,Auxerre Under 2.5,1.76,1.925,9.38,,,0,15,-15,
10/05/26,,Strasbourg Win,2.37,2.55,7.59,,,0,5,-5,
10/05/26,,Lille Win,2.46,2.62,6.50,,,1,5,8.1,
10/05/26,,Lille over 2.5,1.4,1.625,16.07,,,0,20,-20,
10/05/26,,Metz Win,3.12,3.2,2.56,,,X,,,
10/05/26,,Metz Draw,3.12,3.74,19.87,,,0,5,-5,
10/05/26,,Metz Under 2.5,1.63,2.2,34.97,,,0,15,-15,
10/05/26,,Havre Win,2.93,3.74,27.65,,,0,5,-5,"No EP (3,25)"
10/05/26,,Havre Draw,3.32,3.74,12.65,,,0,5,-5,
10/05/26,,Havre Under 2.5,1.83,2.2,20.22,,,1,15,18,
10/05/26,,Paris FC Draw,4.34,4.6,5.99,,,0,5,-5,
10/05/26,,Paris FC Under 3.5,1.51,1.66,9.93,,,1,15,9.9,
10/05/26,,Toulouse Win,3.89,4.1,5.40,,,1,5,15.5,
10/05/26,,Toulouse Draw,3.85,4.05,5.19,,,0,5,-5,
10/05/26,,Toulouse Over 2.5,1.73,1.725,-0.29,,,X,,,
10/05/26,,Hellas Draw,4.29,4.85,13.05,,,0,5,-5,
10/05/26,,Hellas Under 2.5,1.79,1.925,7.54,,,1,15,13.875,
10/05/26,,Cremonese Draw,3.13,3.72,18.85,,,0,5,-5,
10/05/26,,Cremonese Under 2.5,1.67,1.675,0.30,,,X,,,
10/05/26,,Fiorentina Win,2.14,2.05,-4.21,,,X,,,
10/05/26,,Fiorentina Draw,3.36,3.42,1.79,,,X,,,
10/05/26,,Parma Draw,3.8,4.25,11.84,,,0,5,-5,
10/05/26,,Atalanta Win,2.82,3.6,27.66,,,1,5,13,
10/05/26,,Atalanta Draw,3.12,3.46,10.90,,,0,5,-5,
10/05/26,,Atalanta Under 2.5,1.68,2,19.05,,,0,15,-15,
10/05/26,,Ajax Under 3.5,1.69,1.775,5.03,,,1,15,11.625,
10/05/26,,Excelsior Win,1.6,1.72,7.50,,,0,15,-15,
10/05/26,,Excelsior Under 2.5,1.87,2.35,25.67,,,1,15,20.25,
10/05/26,,NEC Win,2.1,2.2,4.76,,,0,10,-10,"2,31 No EP"
10/05/26,,NEC Under 3.5,1.62,1.725,6.48,,,1,15,10.875,
10/05/26,,Twente Under 3.5,1.61,1.8,11.80,,,0,15,-15,
10/05/26,,Feyenoord Win,1.48,1.83,23.65,,,0,20,-20,
10/05/26,,Fortuna Win,2.01,2.1,4.48,,,1,10,11,"2,17 No EP"
10/05/26,,Fortuna Over 3.5,2.28,2.425,6.36,,,1,10,14.25,
10/05/26,,Go Ahead Win,3.58,4.33,20.95,,,0,5,-5,
10/05/26,,Go Ahead Draw,4.28,4.85,13.32,,,0,5,-5,
10/05/26,,Go Ahead Under 3.5,1.87,2.05,9.63,,,0,15,-15,
10/05/26,,Heerenveen Win,2,2.55,27.50,,,0,10,-10,
10/05/26,,Heerenveen Draw,3.8,3.68,-3.16,,,X,,,
10/05/26,,Telstar Win,1.33,1.42,6.77,,,1,20,8.4,
10/05/26,,Estoril Win,2.41,2.7,12.03,,,0,5,-5,
10/05/26,,Villarreal Win,2.52,2.75,9.13,,,0,5,-5,
10/05/26,,Villarreal Over 2.5,1.71,1.66,-2.92,,,X,,,
10/05/26,,Valencia Draw,3.53,3.84,8.78,,,0,5,-5,
10/05/26,,Valencia Under 2.5,1.79,1.925,7.54,,,1,15,13.875,
10/05/26,,Getafe Win,2.45,2.6,6.12,,,0,5,-5,
10/05/26,,Getafe Draw,2.63,3.18,20.91,,,1,5,10.9,
10/05/26,,Getafe Under 2.5,1.27,1.5,18.11,,,1,20,10,
10/05/26,,Barcelona Win,1.47,1.61,9.52,,,1,20,12.2,
10/05/26,,Barcelona Under 3.5,1.75,2.2,25.71,,,1,15,18,
Dagtotaal 10/05/26,,,,,,,,,600.00,-11.25,ROI -1.9% · 58 plays

11/05/26,,Leeds Win,3.06,4.33,41.50,,,0,5,-5,
11/05/26,,Leeds Draw,3.66,3.92,7.10,,,1,5,14.6,
11/05/26,,Bologna Win,3.99,6,50.38,,,1,5,25,
11/05/26,,Bologna Draw,3.62,4.15,14.64,,,0,5,-5,
11/05/26,,Bologna Over 2.5,1.89,1.95,3.17,,,X,,,
11/05/26,,Nacional Win,3.52,3.3,-6.25,,,X,,,
11/05/26,,Nacional Draw,2.9,3.22,11.03,,,0,5,-5,
11/05/26,,Nacional Under 2.5,1.45,1.7,17.24,,,1,20,14,
11/05/26,,Moreirense Win,2.35,4.2,78.72,,,0,5,-5,
11/05/26,,Moreirense Draw,3.15,3.5,11.11,,,0,5,-5,
11/05/26,,Moreirense Under 2.5,1.61,1.825,13.35,,,1,15,12.375,
11/05/26,,Estrela Win,3.31,3.5,5.74,,,0,5,-5,
11/05/26,,Estrela Draw,3.2,3.62,13.13,,,1,5,13.1,
11/05/26,,Estrela Under 2.5,1.69,1.95,15.38,,,1,15,14.25,
11/05/26,,Gil Vicente Win,1.56,1.62,3.85,,,X,,,
11/05/26,,Gil Vicente Over 2.5,1.68,1.8,7.14,,,1,15,12,
11/05/26,,Rio Ave Draw,6.61,6.4,-3.18,,,X,,,
11/05/26,,Rio Ave Under 3.5,1.78,1.775,-0.28,,,X,,,
11/05/26,,Braga Win,5.73,7,22.16,,,0,2.5,-2.5,
11/05/26,,Braga Draw,4.49,4.7,4.68,,,X,,,
11/05/26,,Braga Over 2.5,1.58,1.65,4.43,,,X,,,
11/05/26,,Vitoria Win,1.5,1.66,10.67,,,0,20,-20,
11/05/26,,Vitoria Over 2.5,1.89,1.925,1.85,,,X,,,
11/05/26,,Vallecano Win,1.98,2.6,31.31,,,0,10,-10,
11/05/26,,Vallecano Draw,3.25,3.12,-4.00,,,X,,,
11/05/26,,Vallecano Under 2.5,1.57,1.85,17.83,,,1,15,12.75,
Dagtotaal 11/05/26,,,,,,,,,157.50,55.58,ROI 35.3% · 17 plays

12/05/26,,Celta de Vigo Win,1.66,1.8,8.43,,,0,15,-15,
12/05/26,,Celta de Vigo Over 2.5,1.63,1.8,10.43,,,1,15,12,
12/05/26,,Betis Win,1.44,1.57,9.03,,,1,20,11.4,
12/05/26,,Betis Over 2.5,1.53,1.61,5.23,,,1,15,9.15,
12/05/26,,Osasuna Win,2.3,2.55,10.87,,,0,10,-10,
12/05/26,,Osasuna Draw,3.44,3.58,4.07,,,0,5,-5,
12/05/26,,Osasuna Under 2.5,1.94,2.1,8.25,,,0,10,-10,
Dagtotaal 12/05/26,,,,,,,,,90.00,-7.45,ROI -8.3% · 7 plays

13/05/26,,City Draw,7.39,7.9,6.90,,,0,2.5,-2.5,
13/05/26,,Stade Brest Win,2.12,2.62,23.58,,,0,10,-10,
13/05/26,,Stade Brest Over 2.5,1.68,1.725,2.68,,,X,,,
13/05/26,,Lens Win,2.67,3.3,23.60,,,0,5,-5,
13/05/26,,Lens Draw,3.7,3.92,5.95,,,0,5,-5,
13/05/26,,Lens Under 2.5,2.35,2.375,1.06,,,X,,,
13/05/26,,Espanyol Win,2.42,2.62,8.26,,,1,5,8.1,
13/05/26,,Espanyol Draw,3.14,3.32,5.73,,,0,5,-5,
13/05/26,,Espanyol Under 2.5,1.64,1.675,2.13,,,X,,,
13/05/26,,Villarreal Win,1.24,2.05,65.32,,,1,20,21,
13/05/26,,Villarreal Over 2.5,1.34,1.8,34.33,,,1,20,16,
13/05/26,,Barcelona Win,1.56,2.1,34.62,,,0,15,-15,
13/05/26,,Barcelona Over 3.5,2.18,2.2,0.92,,,X,,,
13/05/26,,Getafe Draw,2.94,3.22,9.52,,,0,5,-5,
13/05/26,,Getafe Under 1.5,2.52,2.5,-0.79,,,X,,,
Dagtotaal 13/05/26,,,,,,,,,92.50,-2.40,ROI -2.6% · 10 plays

14/05/26,,Valencia Win,2,2.25,12.50,,,0,10,-10,
14/05/26,,Valencia Under 2.5,1.88,1.66,-11.70,,,X,,,
14/05/26,,Sociedad Win,2.66,3.6,35.34,,,0,5,-5,
14/05/26,,Sociedad Draw,3.36,3.94,17.26,,,1,5,14.7,
14/05/26,,Sociedad Under 2.5,1.91,2.1,9.95,,,1,10,11,
14/05/26,,Real Madrid Win,1.16,1.22,5.17,,,1,20,4.4,
14/05/26,,Real Madrid Over 3.5,1.83,2.06,12.57,,,0,15,-15,
Dagtotaal 14/05/26,,,,,,,,,65.00,0.10,ROI 0.2% · 6 plays

15/05/26,,Aston Villa Win,2.55,3,17.65,,,1,5,10,
15/05/26,,Aston Villa Draw,3.58,3.84,7.26,,,0,5,-5,
15/05/26,,Aston Villa Under 2.5,2.19,2.375,8.45,,,0,10,-10,
Dagtotaal 15/05/26,,,,,,,,,20.00,-5.00,ROI -25.0% · 3 plays

16/05/26,,Mainz Win,2.74,3.4,24.09,0-2,G,1,5,12,G (0-2)
16/05/26,,Mainz Draw,4.05,4.45,9.88,0-2,F,0,5,-5,F (0-2)
16/05/26,,Augsburg Draw,3.82,4.25,11.26,4-0,F,0,5,-5,F (4-0)
16/05/26,,Augsburg Under 3.5,1.62,1.9,17.28,4-0,F,0,15,-15,F (4-0)
16/05/26,,Leverkusen Win,1.24,1.28,3.23,,,X,,,
16/05/26,,Leverkusen Under 3.5,2.09,2.2,5.26,1-1,G,1,10,12,G (1-1)
16/05/26,,Bayern Win,1.08,1.12,3.70,,,X,,,
16/05/26,,Bayern Over 4.5,1.59,1.8,13.21,5-1,G,1,15,12,G (5-1)
16/05/26,,Eintracht Over 3.5,1.66,1.8,8.43,2-2,G,1,15,12,G (2-2)
16/05/26,,Gladbach Win,3.81,4.5,18.11,4-0,G,1,5,17.5,G (4-0)
16/05/26,,Gladbach Draw,4.14,4.8,15.94,4-0,F,0,5,-5,F (4-0)
16/05/26,,Gladbach Under 3.5,1.77,1.925,8.76,4-0,F,0,15,-15,F (4-0)
16/05/26,,Leipzig Win,2.26,2.45,8.41,4-1,F,0,10,-10,F (4-1)
16/05/26,,Leipzig Draw,3.95,3.88,-1.77,,,X,,,
16/05/26,,St Pauli Draw,3.59,3.72,3.62,,,X,,,
16/05/26,,St Pauli Under 2.5,2.17,2.1,-3.23,,,X,,,
16/05/26,,Dortmund Win,1.57,2.05,30.57,0-2,G,1,15,15.75,G (0-2)
16/05/26,,Dortmund Under 3.5,1.57,1.85,17.83,0-2,G,1,15,12.75,G (0-2)
16/05/26,,Porto Draw,5.3,5.4,1.89,,,X,,,
16/05/26,,Porto Under 2.5,1.98,2.15,8.59,1-0,G,1,10,11.5,G (1-0)
16/05/26,,Moreirense Win,1.44,2.1,45.83,0-0,F,0,20,-20,F (0-0)
16/05/26,,Moreirense Over 2.5,1.66,1.925,15.96,0-0,F,0,15,-15,F (0-0)
16/05/26,,Arouca Win,2.4,3.4,41.67,3-1,G,1,5,12,G (3-1)
16/05/26,,Arouca Over 2.5,1.66,1.85,11.45,3-1,G,1,15,12.75,G (3-1)
16/05/26,,Rio Ave Win,2.99,5,67.22,1-1,F,0,5,-5,F (1-1)
16/05/26,,Rio Ave Draw,3.33,3.66,9.91,1-1,G,1,5,13.3,G (1-1)
16/05/26,,Rio Ave Under 2.5,1.84,1.875,1.90,,,X,,,
16/05/26,,Nacional Under 2.5,2.02,2.025,0.25,,,X,,,
16/05/26,,Braga Win,1.28,1.62,26.56,2-2,F,0,20,-20,F (2-2)
16/05/26,,Braga Over 2.5,1.53,1.75,14.38,2-2,G,1,15,11.25,G (2-2)
16/05/26,,Benfica Draw,5.17,5.55,7.35,1-3,F,0,2.5,-2.5,F (1-3)
16/05/26,,Benfica Under 3.5,1.71,1.825,6.73,1-3,F,0,15,-15,F (1-3)
16/05/26,,Famalicao Draw,3.81,4.15,8.92,1-0,F,0,5,-5,F (1-0)
16/05/26,,Famalicao Under 2.5,1.99,2.15,8.04,1-0,G,1,10,11.5,G (1-0)
Dagtotaal 16/05/26,,,,,,,,,277.50,28.80,ROI 10.4% · 26 plays

17/05/26,,Nottingham Win,3.31,5.25,58.61,3-2,F,0,5,-5,F (3-2)
17/05/26,,Nottingham Draw,4.02,4.25,5.72,3-2,F,0,5,-5,F (3-2)
17/05/26,,Nottingham Over 2.5,1.53,1.61,5.23,3-2,G,1,15,9.15,G (3-2)
17/05/26,,Crystal Palace Draw,3.73,4.35,16.62,2-2,G,1,5,16.75,G (2-2)
17/05/26,,Crystal Palace Under 2.5,1.93,2.2,13.99,2-2,F,0,10,-10,F (2-2)
17/05/26,,Everton Draw,3.44,3.76,9.30,1-3,F,0,5,-5,F (1-3)
17/05/26,,Everton Under 2.5,1.81,2.03,12.15,1-3,F,0,15,-15,F (1-3)
17/05/26,,Leeds Win,2.77,3.3,19.13,1-0,G,1,5,11.5,G (1-0)
17/05/26,,Leeds Draw,3.51,3.66,4.27,,,X,,,
17/05/26,,Leeds Under 2.5,2.12,2.2,3.77,,,X,,,
17/05/26,,Wolverhampton Win,3.34,3.9,16.77,1-1,F,0,5,-5,F (1-1)
17/05/26,,Wolverhampton Draw,3.2,3.82,19.38,1-1,G,1,5,14.1,G (1-1)
17/05/26,,Wolverhampton under 2.5,1.73,2.05,18.50,1-1,G,1,15,15.75,G (1-1)
17/05/26,,Newcastle Win,1.93,2.15,11.40,3-1,G,1,10,11.5,G (3-1)
17/05/26,,Lorient Win,1.72,2.62,52.33,0-2,F,0,15,-15,F (0-2)
17/05/26,,Lorient Over 2.5,1.88,1.9,1.06,,,X,,,
17/05/26,,Toulouse Win,2.27,2.62,15.42,,,X,,,Afg.
17/05/26,,Toulouse Draw,3.55,3.42,-3.66,,,X,,,
17/05/26,,Toulouse Under 2.5,2.03,2.05,0.99,,,X,,,
17/05/26,,Lille Draw,4.91,4.8,-2.24,,,X,,,
17/05/26,,Metz Win,5.4,9,66.67,0-0,F,0,2.5,-2.5,F (0-0)
17/05/26,,Metz Draw,4.34,5.3,22.12,0-0,G,1,5,21.5,G (0-0)
17/05/26,,Lens Draw,3.94,4.1,4.06,,,X,,,
17/05/26,,Lens Win,3.97,4.33,9.07,0-4,G,1,5,16.65,G (0-4)
17/05/26,,Marseille Win,1.68,2,19.05,3-1,G,1,15,15,G (3-1)
17/05/26,,Marseille Over 3.5,1.59,2.38,49.69,3-1,G,1,15,20.7,G (3-1)
17/05/26,,PSG Win,1.52,1.55,1.97,,,X,,,
17/05/26,,Strasbourg Win,2.69,3.1,15.24,5-4,G,1,5,10.5,G (5-4)
17/05/26,,Strasbourg Draw,3.49,3.86,10.60,5-4,F,0,5,-5,F (5-4)
17/05/26,,Strasbourg Under 3.5,1.41,1.72,21.99,5-4,F,0,20,-20,F (5-4)
17/05/26,,Brest Win,1.73,1.83,5.78,1-1,F,0,15,-15,F (1-1)
17/05/26,,Brest Draw,3.73,3.66,-1.88,,,X,,,
17/05/26,,Brest Under 2.5,1.77,2.025,14.41,1-1,G,1,15,15.375,G (1-1)
17/05/26,,AS Roma Draw,3.43,4.4,28.28,2-0,F,0,5,-5,F (2-0)
17/05/26,,AS Roma Under 2.5,1.46,1.975,35.27,2-0,G,1,20,19.5,G (2-0)
17/05/26,,Parma Win,9.18,12,30.72,1-0,F,0,2.5,-2.5,F (1-0)
17/05/26,,Parma Draw,4.02,5.5,36.82,1-0,F,0,5,-5,F (1-0)
17/05/26,,Parma Under 2.5,1.77,2.2,24.29,1-0,G,1,15,18,G (1-0)
17/05/26,,Genoa Win,4.38,4.5,2.74,,,X,,,
17/05/26,,Genoa Draw,3.07,3.84,25.08,1-2,F,0,5,-5,F (1-2)
17/05/26,,Juventus Draw,5.51,5.95,7.99,0-2,F,0,2.5,-2.5,F (0-2)
17/05/26,,Juventus Over 2.5,1.59,1.66,4.40,,,X,,,
17/05/26,,Pisa Draw,3.48,4.85,39.37,0-3,F,0,5,-5,F (0-3)
17/05/26,,Pisa Under 2.5,1.46,2,36.99,0-3,F,0,20,-20,F (0-3)
17/05/26,,Inter Win,1.08,1.22,12.96,,,X,,,
17/05/26,,Inter Over 3.5,1.63,2.3,41.10,1-1,F,0,15,-15,F (1-1)
17/05/26,,Bologna Win,3.6,4.75,31.94,0-1,G,1,5,18.75,G (0-1)
17/05/26,,Bologna Draw,3.45,4.2,21.74,0-1,F,0,5,-5,F (0-1)
17/05/26,,Bologna Under 2.5,2,2.2,10.00,0-1,G,1,10,12,G (0-1)
17/05/26,,Cagliari Win,2.23,2.3,3.14,,,X,,,
17/05/26,,Cagliari Over 2.5,2.17,2.3,5.99,2-1,G,1,10,13,G (2-1)
17/05/26,,Sassuolo Win,2.3,2.62,13.91,2-3,F,0,10,-10,F (2-3)
17/05/26,,Sassuolo Draw,3.11,3.24,4.18,2-3,F,0,5,-5,F (2-3)
17/05/26,,Sassuolo Under 2.5,1.6,1.75,9.38,2-3,F,0,15,-15,F (2-3)
17/05/26,,Udinese Win,2,2.37,18.50,0-1,F,0,10,-10,F (0-1)
17/05/26,,Udinese Draw,3.23,3.34,3.41,0-1,F,0,5,-5,F (0-1)
17/05/26,,Udinese Under 2.5,1.59,1.725,8.49,0-1,G,1,15,10.875,G (0-1)
17/05/26,,AZ Win,1.24,1.37,10.48,,,X,,,
17/05/26,,Utrecht Draw,4.66,4.8,3.00,,,X,,,
17/05/26,,Utrecht Under 3.5,1.57,1.75,11.46,2-0,G,1,15,11.25,G (2-0)
17/05/26,,Volendam Win,1.96,2.9,47.96,1-2,F,0,10,-10,F (1-2)
17/05/26,,Volendam Draw,3.57,3.64,1.96,,,X,,,
17/05/26,,Volendam Under 3.5,1.31,1.625,24.05,1-2,G,1,20,12.5,G (1-2)
17/05/26,,Heracles Draw,4.3,4.65,8.14,1-2,F,0,5,-5,F (1-2)
17/05/26,,Heracles Under 3.5,1.55,1.775,14.52,1-2,G,1,15,11.625,G (1-2)
17/05/26,,Go Ahead Win,4.63,7.5,61.99,2-1,F,0,5,-5,F (2-1)
17/05/26,,Go Ahead Draw,4.57,5.25,14.88,2-1,F,0,5,-5,F (2-1)
17/05/26,,Go Ahead Under 3.5,1.89,1.975,4.50,,,X,,,
17/05/26,,Feyenoord Draw,3.59,4.3,19.78,0-2,F,0,5,-5,F (0-2)
17/05/26,,Feyenoord Under 2.5,1.89,2.88,52.38,,,X,,,
17/05/26,,Feyenoord Under 3.5,1.34,1.83,36.57,0-2,G,1,20,16.6,G (0-2)
17/05/26,,PSV Win,1.57,2.15,36.94,4-1,G,1,15,17.25,G (4-1)
17/05/26,,PSV Over 3.5,1.44,1.8,25.00,4-1,G,1,20,16,G (4-1)
17/05/26,,Heerenveen Win,2.58,3,16.28,0-0,F,0,5,-5,F (0-0)
17/05/26,,Heerenveen Under 3.5,1.96,1.975,0.77,,,X,,,
17/05/26,,Sparta Draw,3.7,3.86,4.32,,,X,,,
17/05/26,,Sparta Under 3.5,1.47,1.7,15.65,2-3,F,0,20,-20,F (2-3)
17/05/26,,Celta Win,2.52,3.5,38.89,1-1,F,0,5,-5,F (1-1)
17/05/26,,Celta Draw,2.95,3.28,11.19,1-1,G,1,5,11.4,G (1-1)
17/05/26,,Celta Under 2.5,1.49,1.72,15.44,1-1,G,1,20,14.4,G (1-1)
17/05/26,,Atletico Madrid Win,1.43,1.75,22.38,1-0,G,1,20,15,G (1-0)
17/05/26,,Elche Over 1.5,1.55,1.53,-1.29,,,X,,,
17/05/26,,Levante Win,1.83,2.1,14.75,2-0,G,1,15,16.5,G (2-0)
17/05/26,,Levante Over 2.5,1.79,1.85,3.35,,,X,,,
17/05/26,,Osasuna Win,1.89,2.1,11.11,1-2,F,0,15,-15,F (1-2)
17/05/26,,Osasuna Over 2.5,1.98,2.37,19.70,1-2,G,1,10,13.7,G (1-2)
17/05/26,,Oviedo Win,3.51,3.8,8.26,0-1,F,0,5,-5,F (0-1)
17/05/26,,Oviedo Draw,2.68,3.76,40.30,0-1,F,0,5,-5,F (0-1)
17/05/26,,Oviedo Under 2.5,1.33,1.975,48.50,0-1,G,1,20,19.5,G (0-1)
17/05/26,,Villarreal Win,2.86,3,4.90,,,X,,,
17/05/26,,Villarreal Draw,3.18,3.56,11.95,2-0,F,0,5,-5,F (2-0)
17/05/26,,Villarreal Under 2.5,1.71,2.1,22.81,2-0,G,1,15,16.5,G (2-0)
17/05/26,,Sociedad Win,1.71,2.15,25.73,3-4,F,0,15,-15,F (3-4)
17/05/26,,Sociedad Over 2.5,1.81,1.8,-0.55,,,X,,,
17/05/26,,Real Madrid Win,1.93,2.15,11.40,0-1,G,1,10,11.5,G (0-1)
17/05/26,,Barca Win,1.25,1.33,6.40,,,X,,,
17/05/26,,Barca Under 3.5,1.95,1.975,1.28,,,X,,,
Dagtotaal 17/05/26,,,,,,,,,727.50,156.83,ROI 21.6% · 70 plays

18/05/26,,Arsenal Win,1.07,1.08,0.93,,,X,,,
18/05/26,,Arsenal Over 3.5,1.49,2.025,35.91,1-0,F,0,20,-20,F (1-0)
Dagtotaal 18/05/26,,,,,,,,,20.00,-20.00,ROI -100.0% · 1 plays

19/05/26,,Bournemouth Win,3.5,4.75,35.71,,,0,5,-5,
19/05/26,,Bourenmouth Draw,3.86,4.55,17.88,,,1,5,17.75,
19/05/26,,Bournemouth Under 3.5,1.63,1.75,7.36,,,1,15,11.25,
19/05/26,,Chelsea Draw,3.19,3.62,13.48,,,0,5,-5,
19/05/26,,Chelsea Under 2.5,1.65,2.1,27.27,,,0,15,-15,
19/05/26,,Chelsea Under 3.5,1.24,1.53,23.39,,,X,,,
Dagtotaal 19/05/26,,,,,,,,,45.00,4.00,ROI 8.9% · 5 plays

21/05/26,,Ajax Win,1.62,1.9,17.28,,,1,15,13.5,
21/05/26,,Ajax Under 3.5,1.56,1.5,-3.85,,,X,,,
21/05/26,,Utrecht Win,1.59,1.9,19.50,,,1,15,13.5,
Dagtotaal 21/05/26,,,,,,,,,30.00,27.00,ROI 90.0% · 2 plays

22/05/26,,Atalanta Draw,3.14,3.48,10.83,,,1,5,12.4,
22/05/26,,Atalanta Under 2.5,1.7,2.15,26.47,,,1,15,17.25,
Dagtotaal 22/05/26,,,,,,,,,20.00,29.65,ROI 148.3% · 2 plays

23/05/26,,Inter Win,1.83,2,9.29,3-3,F,0,15,-15,F (3-3)
23/05/26,,Inter Draw,3.6,3.74,3.89,,,X,,,
23/05/26,,Inter Under 2.5,1.82,2.2,20.88,3-3,F,0,15,-15,F (3-3)
23/05/26,,Lazio Win,1.59,1.72,8.18,2-1,G,1,15,10.8,G (2-1)
23/05/26,,Lazio Draw,4.26,3.82,-10.33,,,X,,,
23/05/26,,Alaves Win,2.4,2.35,-2.08,,,X,,,
23/05/26,,Alaves Draw,3.33,3.42,2.70,,,X,,,
23/05/26,,Alaves Under 2.5,1.83,1.8,-1.64,,,X,,,
23/05/26,,Sevilla Win,4.4,4,-9.09,,,X,,,
23/05/26,,Sevilla Over 2.5,1.53,2.025,32.35,1-0,F,0,15,-15,F (1-0)
23/05/26,,Sociedad Win,3.01,3.1,2.99,0-1,F,0,5,-5,F (0-1)
23/05/26,,Sociedad Draw,3.23,3.72,15.17,1-1,G,1,5,13.6,G (1-1)
23/05/26,,Sociedad Under 2.5,1.77,2.1,18.64,1-1,G,1,15,16.5,G (1-1)
23/05/26,,Getafe Win,2.18,2.8,28.44,1-0,G,1,10,18,G (1-0)
23/05/26,,Getafe Under 1.5,2.18,2.2,0.92,,,X,,,
23/05/26,,Elche Win,2.61,4.2,60.92,1-1,F,0,5,-5,F (1-1)
23/05/26,,Elche Draw,3.43,3.86,12.54,1-1,G,1,5,14.3,G (1-1)
23/05/26,,Elche Under 2.5,1.99,2.1,5.53,1-1,G,1,10,11,G (1-1)
23/05/26,,Mallorca Draw,4.35,4.55,4.60,,,X,,,
23/05/26,,Mallorca Over 2.5,1.89,1.9,0.53,,,X,,,
23/05/26,,Betis Win,1.71,2.25,31.58,2-1,G,1,15,18.75,G (2-1)
23/05/26,,Betis Over 2.5,1.67,1.61,-3.59,,,X,,,
23/05/26,,Real Madrid Win,1.24,1.48,19.35,4-2,G,1,20,9.6,G (4-2)
23/05/26,,Real Madrid Over 3.5,2.13,2.2,3.29,,,X,,,
23/05/26,,Barcelona Win,1.91,1.95,2.09,,,X,,,
23/05/26,,Barcelona Draw,4.07,4.15,1.97,,,X,,,
23/05/26,,Barcelona Under 3.5,1.66,1.675,0.90,,,X,,,
Dagtotaal 23/05/26,,,,,,,,,150.00,57.55,ROI 38.4% · 13 plays

24/05/26,,Brighton Draw,3.84,4.25,10.68,0-3,F,0,5,-5,F (0-3)
24/05/26,,Brighton Under 2.5,2.29,2.75,20.09,0-3,F,0,10,-10,F 0-3
24/05/26,,Brighton Under 3.5,1.51,1.72,13.91,,,X,,,
24/05/26,,Burnley Win,2.15,2.35,9.30,1-1,F,0,10,-10,F (1-1)
24/05/26,,Burnley Draw,2.9,3.54,22.07,1-1,G,1,5,12.7,G (1-1)
24/05/26,,Burnley Under 1.5,2.26,4.33,91.59,,,X,,,
24/05/26,,Burnley Under 2.5,1.38,2.1,52.17,,,X,,,
24/05/26,,Burnley Under 3.5,1.13,1.5,32.74,1-1,G,1,20,10,G (1-1)
24/05/26,,Arsenal Win,1.62,1.83,12.96,1-2,G,1,15,12.45,G (1-2)
24/05/26,,Arsenal Draw,3.89,4,2.83,,,X,,,
24/05/26,,Arsenal Under 2.5,1.76,2.2,25.00,1-2,F,0,15,-15,F (1-2)
24/05/26,,Arsenal Under 3.5,1.29,1.45,12.40,,,X,,,
24/05/26,,Fulham Win,2.3,2.88,25.22,2-0,G,1,10,18.8,G (2-0)
24/05/26,,Fulham Draw,3.25,3.84,18.15,2-0,F,0,5,-5,F (2-0)
24/05/26,,Fulham Under 2.5,1.72,2.35,36.63,2-0,G,1,15,20.25,G (2-0)
24/05/26,,Fulham Under 3.5,1.27,1.53,20.47,,,X,,,
24/05/26,,Liverpool Win,1.51,1.85,22.52,1-1,F,0,15,-15,F (1-1)
24/05/26,,Liverpool Under 2.5,2.56,2.75,7.42,1-1,G,1,5,8.75,G (1-1)
24/05/26,,Liverpool Under 3.5,1.63,1.72,5.52,,,X,,,
24/05/26,,Man City Draw,5.41,6.3,16.45,1-2,F,0,2.5,-2.5,F (1-2)
24/05/26,,Man City Under 2.5,2.64,3.75,42.05,1-2,F,0,5,-5,F (1-2)
24/05/26,,Man City Under 3.5,1.67,2.1,25.75,,,X,,,
24/05/26,,Nottingham Under 2.5,2.34,2.38,1.71,,,X,,,
24/05/26,,Nottingham Under 3.5,1.54,1.57,1.95,,,X,,,
24/05/26,,Sunderland Win,2.19,3.5,59.82,2-1,G,1,10,25,G (2-1)
24/05/26,,Sunderland Draw,3.6,3.82,6.11,2-1,F,0,5,-5,F (2-1)
24/05/26,,Everton Win,3.05,3.9,27.87,1-0,F,0,5,-5,F (1-0)
24/05/26,,Everton Draw,3.32,3.8,14.46,1-0,F,0,5,-5,F (1-0)
24/05/26,,Everton Under 2.5,1.87,2.1,12.30,1-0,G,1,15,16.5,G (1-0)
24/05/26,,Leeds Win,2.3,4.1,78.26,3-0,F,0,10,-10,F (3-0)
24/05/26,,Leeds Draw,3.75,4.2,12.00,3-0,F,0,5,-5,F (3-0)
24/05/26,,Leeds Over 2.5,1.71,1.61,-5.85,,,X,,,
24/05/26,,Sassuolo Win,2.4,2.62,9.17,1-0,F,0,5,-5,F (1-0)
24/05/26,,Sassuolo Draw,3.12,3.42,9.62,1-0,F,0,5,-5,F (1-0)
24/05/26,,Sassuolo Under 2.5,1.64,1.975,20.43,1-0,G,1,15,14.625,G (1-0)
24/05/26,,Udinese Win,4.78,7,46.44,1-0,F,0,5,-5,F (1-0)
24/05/26,,Udinese Draw,4.21,4.25,0.95,,,X,,,
24/05/26,,Udinese Over 2.5,1.57,1.9,21.02,1-0,F,0,15,-15,F (1-0)
24/05/26,,Cagliari Win,7.07,10.9,54.17,1-2,G,1,2.5,24.75,G (1-2)
24/05/26,,Cagliari Draw,4.02,5.55,38.06,1-2,F,0,5,-5,F (1-2)
24/05/26,,Cagliari Under 2.5,2,2.2,10.00,1-2,F,0,10,-10,F (1-2)
24/05/26,,Como Draw,3.75,4.4,17.33,1-4,F,0,5,-5,F (1-4)
24/05/26,,Como Under 2.5,1.82,2.2,20.88,1-4,F,0,15,-15,F (1-4)
24/05/26,,Hellas Win,8.11,10.5,29.47,0-2,F,0,2.5,-2.5,F (0-2)
24/05/26,,Hellas Draw,4.09,5.75,40.59,0-2,F,0,5,-5,F (0-2)
24/05/26,,Hellas Under 2.5,1.92,2.05,6.77,0-2,G,1,10,10.5,G (0-2)
24/05/26,,Genoa Win,2.53,5,97.63,1-0,F,0,5,-5,F (1-0)
24/05/26,,Genoa Draw,2.98,3.56,19.46,1-0,F,0,5,-5,F (1-0)
24/05/26,,Genoa Under 2.5,1.52,1.625,6.91,1-0,G,1,15,9.375,G (1-0)
24/05/26,,Torino Win,5.03,7,39.16,2-2,F,0,2.5,-2.5,F (2-2)
24/05/26,,Torino Draw,3.8,4.5,18.42,2-2,G,1,5,17.5,G (2-2)
24/05/26,,Villarreal Win,2.06,2.5,21.36,5-1,G,1,10,15,G (5-1)
24/05/26,,Villarreal Under 2.5,2.57,2.63,2.33,,,X,,,
24/05/26,,Villarreal Under 3.5,1.63,1.67,2.45,,,X,,,
Dagtotaal 24/05/26,,,,,,,,,335.00,33.70,ROI 10.1% · 40 plays

08/08/26,Go Ahead Eagles - Willem II Tilburg,1X2 Go Ahead Eagles,1.59,1.68,5.69,4-1,G,1,15,10.2,
08/08/26,Go Ahead Eagles - Willem II Tilburg,O/U 2.5 Under,2.137,2.4,12.32,4-1,F,0,10,-10,
08/08/26,PSV - Fortuna Sittard,O/U 3.5 Over,1.265,1.57,24.14,2-2,G,1,20,11.4,
08/08/26,AZ - ADO Den Haag,O/U 3.5 Over,1.765,2.25,27.50,2-0,F,0,15,-15,
08/08/26,Vitória SC - FC Arouca,1X2 Vitória SC,1.498,1.9,26.87,0-1,F,0,20,-20,
08/08/26,Vitória SC - FC Arouca,O/U 2.5 Over,1.53,1.94,26.84,0-1,F,0,15,-15,
08/08/26,CF Estrela da Amadora - Sporting Clube de Portugal,O/U 3.5 Over,1.661,2.25,35.45,2-2,G,1,10,12.5,
Dagtotaal 08/08/26,,,,,,,,,105.00,-25.90,ROI -24.7% · 7 plays

09/08/26,Sparta Rotterdam - Feyenoord Rotterdam,1X2 Feyenoord Rotterdam,1.289,1.71,32.68,0-1,G,1,20,14.2,
09/08/26,FC Groningen - FC Utrecht,1X2 FC Groningen,2.141,2.35,9.75,2-1,G,1,10,13.5,
09/08/26,FC Groningen - FC Utrecht,O/U 2.5 Under,1.8,2.03,12.79,2-1,F,0,15,-15,
09/08/26,SC Heerenveen - FC Twente '65,1X2 FC Twente '65,1.702,2.19,28.64,1-0,F,0,15,-15,
09/08/26,Sport Lisboa e Benfica - Académico de Viseu FC,1X2 Gelijkspel,9.13,9.72,6.46,2-2,G,1,1.25,10.9,
09/08/26,Moreirense FC - Sporting Clube de Braga,O/U 2.5 Over,1.638,1.94,18.47,2-2,G,1,15,14.1,
Dagtotaal 09/08/26,,,,,,,,,76.25,22.70,ROI 29.8% · 6 plays

10/08/26,CD Santa Clara - CD Nacional,1X2 Gelijkspel,2.595,3.46,33.32,2-2,G,1,5,12.3,
10/08/26,CD Santa Clara - CD Nacional,O/U 2.5 Under,1.251,1.67,33.47,2-2,F,0,20,-20,
Dagtotaal 10/08/26,,,,,,,,,25.00,-7.70,ROI -30.8% · 2 plays

14/08/26,Telstar 1963 - Sparta Rotterdam,1X2 Telstar 1963,1.616,2.31,42.93,1-3,F,0,15,-15,
14/08/26,Telstar 1963 - Sparta Rotterdam,O/U 3.5 Over,2.095,2.38,13.62,1-3,G,1,5,6.9,
Dagtotaal 14/08/26,,,,,,,,,20.00,-8.10,ROI -40.5% · 2 plays

15/08/26,FC Utrecht - AZ,1X2 AZ,2.049,2.41,17.61,1-4,G,1,10,14.1,
15/08/26,FC Utrecht - AZ,O/U 2.5 Under,2.032,2.35,15.64,1-4,F,0,10,-10,
15/08/26,Willem II Tilburg - NEC,O/U 3.5 Under,1.387,1.7,22.57,1-4,F,0,15,-15,
15/08/26,SBV Excelsior - PSV,1X2 PSV,1.244,1.61,29.40,1-2,G,1,20,12.2,
15/08/26,SBV Excelsior - PSV,O/U 3.5 Over,1.685,1.92,13.93,1-2,F,0,15,-15,
15/08/26,Deportivo Alavés - Getafe CF,1X2 Gelijkspel,2.722,2.91,6.91,3-0,F,0,5,-5,
15/08/26,Deportivo Alavés - Getafe CF,1X2 Getafe CF,3.103,3.78,21.80,3-0,F,0,5,-5,
15/08/26,Sevilla FC - Rayo Vallecano de Madrid,1X2 Gelijkspel,2.904,3.33,14.66,2-1,F,0,5,-5,
15/08/26,Sevilla FC - Rayo Vallecano de Madrid,O/U 2.5 Under,1.462,1.7,16.25,2-1,F,0,15,-15,
15/08/26,Rio Ave FC - FC Porto,1X2 FC Porto,1.169,1.4,19.72,0-2,G,1,20,8,
15/08/26,Rio Ave FC - FC Porto,O/U 2.5 Over,1.502,1.85,23.15,0-2,F,0,15,-15,
Dagtotaal 15/08/26,,,,,,,,,135.00,-50.70,ROI -37.6% · 11 plays

16/08/26,ADO Den Haag - Groningen,1X2 Groningen,,2.7,,1-4,G,1,7.5,12.75,
16/08/26,Feyenoord Rotterdam - Go Ahead Eagles,1X2 Feyenoord Rotterdam,1.178,1.39,18.03,2-2,G,1,20,7.8,
16/08/26,Feyenoord Rotterdam - Go Ahead Eagles,O/U 3.5 Over,1.611,1.92,19.16,2-2,G,1,15,13.8,
16/08/26,AFC Ajax - SC Heerenveen,1X2 AFC Ajax,1.104,1.45,31.31,2-2,G,1,20,9,
16/08/26,AFC Ajax - SC Heerenveen,O/U 3.5 Over,1.562,2.05,31.20,2-2,G,1,15,15.75,
16/08/26,Real Racing Club de Santander - Villarreal CF,1X2 Villarreal CF,2.069,2.31,11.65,2-2,F,0,10,-10,
16/08/26,Real Racing Club de Santander - Villarreal CF,O/U 2.5 Over,1.66,1.89,13.84,2-2,G,1,15,13.35,
16/08/26,RCD Espanyol de Barcelona - Levante UD,O/U 2.5 Over,2.012,2.31,14.79,3-0,G,1,10,13.1,
16/08/26,CD Nacional - GD Estoril Praia,1X2 CD Nacional,2.39,2.76,15.47,2-0,G,1,5,8.8,
16/08/26,CD Nacional - GD Estoril Praia,O/U 2.5 Over,1.392,1.92,37.89,2-0,F,0,15,-15,
16/08/26,FC Arouca - Moreirense FC,1X2 Moreirense FC,3.048,3.69,21.08,4-0,F,0,5,-5,
16/08/26,FC Arouca - Moreirense FC,O/U 2.5 Over,1.585,2.1,32.49,4-0,G,1,15,16.5,
Dagtotaal 16/08/26,,,,,,,,,152.50,80.85,ROI 53.0% · 12 plays

17/08/26,RC Deportivo La Coruña - Elche CF,O/U 2.5 Over,1.537,2.42,57.42,1-1,F,0,10,-10,
17/08/26,Casa Pia AC - Sport Lisboa e Benfica,1X2 Gelijkspel,5.273,6.39,21.19,0-7,F,0,2.5,-2.5,
17/08/26,Casa Pia AC - Sport Lisboa e Benfica,O/U 2.5 Under,1.955,2.35,20.20,0-7,F,0,7.5,-7.5,
Dagtotaal 17/08/26,,,,,,,,,20.00,-20.00,ROI -100.0% · 3 plays

19/08/26,Club Atlético de Madrid - Málaga CF,O/U 2.5 Over,1.356,1.84,35.74,2-0,F,0,15,-15,
Dagtotaal 19/08/26,,,,,,,,,15.00,-15.00,ROI -100.0% · 1 plays

20/08/26,Rayo Vallecano de Madrid - Deportivo Alavés,O/U 1.5 Over,1.509,1.61,6.71,1-1,G,1,15,9.15,
Dagtotaal 20/08/26,,,,,,,,,15.00,9.15,ROI 61.0% · 1 plays

21/08/26,Real Betis Balompié - Real Sociedad de Fútbol,1X2 Real Betis Balompié,1.982,2.14,7.95,1-0,G,1,10,11.4,
21/08/26,Olympique de Marseille - RC Strasbourg Alsace,1X2 Olympique de Marseille,1.414,1.79,26.56,4-0,G,1,20,15.8,
21/08/26,Olympique de Marseille - RC Strasbourg Alsace,O/U 3.5 Over,1.938,2.42,24.86,4-0,G,1,7.5,10.65,
Dagtotaal 21/08/26,,,,,,,,,37.50,37.85,ROI 100.9% · 3 plays

22/08/26,Fortuna Sittard - AZ,1X2 AZ,1.463,1.6,9.40,0-2,G,1,20,12,
22/08/26,Fortuna Sittard - AZ,O/U 3.5 Over,1.748,2.21,26.42,0-2,F,0,10,-10,
22/08/26,Sparta Rotterdam - FC Utrecht,1X2 Gelijkspel,3.402,3.46,1.71,3-3,G,1,5,12.3,
22/08/26,Sparta Rotterdam - FC Utrecht,1X2 FC Utrecht,2.425,2.69,10.92,3-3,F,0,5,-5,
22/08/26,Sparta Rotterdam - FC Utrecht,O/U 2.5 Under,1.825,2.12,16.15,3-3,F,0,10,-10,
22/08/26,SC Heerenveen - PEC Zwolle,1X2 SC Heerenveen,1.275,1.6,25.49,0-2,F,0,20,-20,
22/08/26,SC Heerenveen - PEC Zwolle,O/U 3.5 Over,1.772,2.12,19.66,0-2,F,0,10,-10,
22/08/26,Athletic Club - Sevilla FC,1X2 Athletic Club,1.531,1.77,15.62,1-3,F,0,15,-15,
22/08/26,Athletic Club - Sevilla FC,O/U 2.5 Over,1.668,2.3,37.87,1-3,G,1,10,13,
22/08/26,Valencia CF - RC Celta de Vigo,1X2 Gelijkspel,3.386,3.31,-2.26,0-0,G,1,5,11.55,
22/08/26,Valencia CF - RC Celta de Vigo,1X2 RC Celta de Vigo,2.613,3.27,25.12,0-0,F,0,5,-5,
22/08/26,Valencia CF - RC Celta de Vigo,O/U 2.5 Over,2.068,2.31,11.69,0-0,F,0,10,-10,
22/08/26,RCD Espanyol de Barcelona - Real Madrid CF,1X2 Gelijkspel,4.25,4.77,12.23,1-2,F,0,5,-5,
22/08/26,RCD Espanyol de Barcelona - Real Madrid CF,O/U 2.5 Under,2.121,2.23,5.15,1-2,F,0,7.5,-7.5,
22/08/26,Ipswich Town FC - Sunderland AFC,1X2 Sunderland AFC,1.61,2.68,66.48,2-1,F,0,10,-10,
22/08/26,Nottingham Forest FC - Leeds United FC,1X2 Nottingham Forest FC,1.78,2.38,33.73,0-1,F,0,15,-15,
22/08/26,Nottingham Forest FC - Leeds United FC,O/U 2.5 Under,1.866,1.96,5.02,0-1,G,1,10,9.6,
22/08/26,Everton FC - Crystal Palace FC,1X2 Gelijkspel,3.363,3.52,4.68,2-0,F,0,5,-5,
22/08/26,Everton FC - Crystal Palace FC,O/U 2.5 Under,1.853,1.96,5.76,2-0,G,1,10,9.6,
22/08/26,Brentford FC - Tottenham Hotspur FC,1X2 Tottenham Hotspur FC,1.93,2.88,49.19,3-0,F,0,10,-10,
22/08/26,Brentford FC - Tottenham Hotspur FC,O/U 2.5 Over,1.41,1.76,24.81,3-0,G,1,15,11.4,
22/08/26,GD Estoril Praia - Rio Ave FC,1X2 GD Estoril Praia,1.771,1.92,8.42,0-2,F,0,10,-10,
22/08/26,GD Estoril Praia - Rio Ave FC,O/U 2.5 Under,1.708,2.04,19.42,0-2,G,1,10,10.4,
22/08/26,Sporting Clube de Portugal - FC Alverca,O/U 3.5 Over,1.295,2.1,62.16,3-1,G,1,10,11,
22/08/26,Udinese Calcio - Como 1907,1X2 Como 1907,1.732,1.86,7.37,1-1,F,0,15,-15,
22/08/26,FC Internazionale Milano - AC Monza,O/U 2.5 Over,1.188,1.65,38.91,4-1,G,1,15,9.75,
22/08/26,Genoa CFC - SSC Napoli,1X2 SSC Napoli,1.46,1.9,30.12,0-2,G,1,20,18,
22/08/26,Genoa CFC - SSC Napoli,O/U 2.5 Over,2.129,2.41,13.20,0-2,F,0,10,-10,
22/08/26,Racing Club de Lens - AJ Auxerre,1X2 Racing Club de Lens,1.364,1.62,18.76,5-2,G,1,15,9.3,
22/08/26,OGC Nice - FC Lorient,1X2 OGC Nice,1.549,2.17,40.10,0-0,F,0,15,-15,
22/08/26,Toulouse FC - Olympique Lyonnais,1X2 Olympique Lyonnais,1.886,2.48,31.52,0-2,G,1,10,14.8,
Dagtotaal 22/08/26,,,,,,,,,342.50,-34.80,ROI -10.2% · 31 plays

23/08/26,Go Ahead Eagles - ADO Den Haag,1X2 Go Ahead Eagles,1.352,1.75,29.46,3-1,G,1,15,11.25,
23/08/26,PSV - FC Groningen,1X2 PSV,1.188,1.34,12.78,5-1,G,1,20,6.8,
23/08/26,PSV - FC Groningen,O/U 3.5 Over,1.243,1.86,49.63,5-1,G,1,10,8.6,
23/08/26,Club Atlético de Madrid - Villarreal CF,1X2 Club Atlético de Madrid,1.395,1.92,37.59,2-2,F,0,15,-15,
23/08/26,Club Atlético de Madrid - Villarreal CF,O/U 2.5 Over,1.421,1.93,35.79,2-2,G,1,15,13.95,
23/08/26,Elche CF - FC Barcelona,1X2 Elche CF,8.889,9.3,4.63,0-5,F,0,2.5,-2.5,
23/08/26,Elche CF - FC Barcelona,1X2 Gelijkspel,5.39,5.94,10.21,0-5,F,0,2.5,-2.5,
23/08/26,Manchester City FC - AFC Bournemouth,1X2 Manchester City FC,1.143,1.53,33.84,2-1,G,1,20,10.6,
23/08/26,Manchester City FC - AFC Bournemouth,O/U 3.5 Over,1.562,2.15,37.63,2-1,F,0,10,-10,
23/08/26,Brighton & Hove Albion FC - Aston Villa FC,1X2 Gelijkspel,3.501,3.67,4.81,4-0,F,0,5,-5,
23/08/26,Brighton & Hove Albion FC - Aston Villa FC,1X2 Aston Villa FC,2.75,3.33,21.11,4-0,F,0,5,-5,
23/08/26,Brighton & Hove Albion FC - Aston Villa FC,O/U 2.5 Under,2.098,2.21,5.33,4-0,F,0,10,-10,
23/08/26,Newcastle United FC - Liverpool FC,O/U 3.5 Over,1.863,2.27,21.84,2-2,G,1,10,12.7,
23/08/26,Vitória SC - CD Nacional,1X2 Gelijkspel,3.129,3.94,25.90,1-0,F,0,5,-5,
23/08/26,Vitória SC - CD Nacional,O/U 2.5 Under,1.526,1.92,25.82,1-0,G,1,15,13.8,
23/08/26,FC Porto - FC Arouca,O/U 2.5 Over,1.416,1.62,14.37,2-0,F,0,15,-15,
23/08/26,Frosinone Calcio - Juventus FC,1X2 Juventus FC,1.187,1.48,24.69,0-1,G,1,20,9.6,
23/08/26,Frosinone Calcio - Juventus FC,O/U 2.5 Over,1.467,1.86,26.83,0-1,F,0,15,-15,
23/08/26,Venezia FC - US Lecce,1X2 Gelijkspel,2.79,3.33,19.37,0-2,F,0,5,-5,
23/08/26,Venezia FC - US Lecce,1X2 US Lecce,2.809,3.5,24.61,0-2,G,1,5,12.5,
23/08/26,Venezia FC - US Lecce,O/U 2.5 Under,1.402,1.72,22.70,0-2,G,1,15,10.8,
23/08/26,Atalanta BC - US Sassuolo Calcio,1X2 Atalanta BC,1.305,1.59,21.87,2-1,G,1,20,11.8,
23/08/26,Torino FC - AC Milan,1X2 AC Milan,1.687,1.83,8.49,1-2,G,1,15,12.45,
23/08/26,Angers SCO - Lille OSC,1X2 Lille OSC,1.358,1.75,28.90,0-2,G,1,15,11.25,
23/08/26,Le Havre AC - AS Monaco FC,1X2 AS Monaco FC,1.452,1.92,32.26,0-1,G,1,15,13.8,
23/08/26,Le Havre AC - AS Monaco FC,O/U 2.5 Over,1.552,1.65,6.30,0-1,F,0,15,-15,
Dagtotaal 23/08/26,,,,,,,,,315.00,54.90,ROI 17.4% · 26 plays

24/08/26,CA Osasuna - Levante UD,1X2 CA Osasuna,1.478,1.88,27.20,0-0,F,0,15,-15,
24/08/26,CA Osasuna - Levante UD,O/U 2.5 Over,1.664,2.07,24.40,0-0,F,0,15,-15,
24/08/26,Fulham FC - Chelsea FC,1X2 Fulham FC,3.772,3.98,5.51,2-3,F,0,5,-5,
24/08/26,Fulham FC - Chelsea FC,1X2 Gelijkspel,4.034,3.96,-1.82,2-3,F,0,5,-5,
24/08/26,Fulham FC - Chelsea FC,O/U 2.5 Over,1.565,1.72,9.94,2-3,G,1,15,10.8,
24/08/26,Gil Vicente FC - Casa Pia AC,1X2 Gil Vicente FC,1.309,1.73,32.14,2-0,G,1,20,14.6,
24/08/26,Gil Vicente FC - Casa Pia AC,O/U 2.5 Over,1.901,2.3,20.98,2-0,F,0,10,-10,
24/08/26,Bologna FC 1909 - SS Lazio,1X2 Bologna FC 1909,2.162,2.29,5.91,0-1,F,0,10,-10,
24/08/26,Bologna FC 1909 - SS Lazio,1X2 Gelijkspel,3.136,3.35,6.82,0-1,F,0,5,-5,
24/08/26,Bologna FC 1909 - SS Lazio,O/U 2.5 Under,1.578,1.74,10.25,0-1,G,1,10,7.4,
24/08/26,AS Roma - ACF Fiorentina,1X2 AS Roma,1.315,1.63,23.99,4-0,G,1,20,12.6,
24/08/26,AS Roma - ACF Fiorentina,O/U 2.5 Over,1.821,1.96,7.66,4-0,G,1,10,9.6,
Dagtotaal 24/08/26,,,,,,,,,140.00,-10.00,ROI -7.1% · 12 plays

26/08/26,Real Madrid CF - Real Sociedad de Fútbol,1X2 Real Madrid CF,1.107,1.35,21.93,4-1,G,1,20,7,
Dagtotaal 26/08/26,,,,,,,,,20.00,7.00,ROI 35.0% · 1 plays

27/08/26,RC Celta de Vigo - CA Osasuna,1X2 RC Celta de Vigo,1.711,2.03,18.63,1-2,F,0,15,-15,
27/08/26,FC Barcelona - Athletic Club,1X2 FC Barcelona,1.082,1.35,24.77,2-0,G,1,20,7,
27/08/26,FC Barcelona - Athletic Club,O/U 3.5 Over,1.744,2.19,25.57,2-0,F,0,12.5,-12.5,
Dagtotaal 27/08/26,,,,,,,,,47.50,-20.50,ROI -43.2% · 3 plays

28/08/26,FC Bayern München - VfB Stuttgart,1X2 FC Bayern München,1.125,1.31,16.45,5-1,G,1,20,6.2,
28/08/26,FC Bayern München - VfB Stuttgart,O/U 4.5 Over,1.607,2.4,49.36,5-1,G,1,7.5,10.5,
28/08/26,Deportivo Alavés - Villarreal CF,1X2 Deportivo Alavés,2.46,3.19,29.66,1-0,G,1,5,10.95,
28/08/26,FC Groningen - Fortuna Sittard,1X2 FC Groningen,1.343,1.48,10.20,2-3,F,0,20,-20,
28/08/26,Lille OSC - Paris Saint-Germain FC,O/U 2.5 Over,1.529,1.79,17.07,2-2,G,1,15,11.85,
28/08/26,Crystal Palace FC - Manchester City FC,1X2 Manchester City FC,1.281,1.67,30.39,1-4,G,1,20,13.4,
28/08/26,Rio Ave FC - Sporting Clube de Portugal,O/U 3.5 Over,1.461,2.2,50.55,0-4,G,1,10,12,
28/08/26,AC Milan - Venezia FC,1X2 AC Milan,1.054,1.41,33.79,2-0,G,1,20,8.2,
28/08/26,AC Milan - Venezia FC,O/U 2.5 Over,1.371,1.88,37.17,2-0,F,0,15,-15,
Dagtotaal 28/08/26,,,,,,,,,132.50,38.10,ROI 28.8% · 9 plays

29/08/26,RB Leipzig - Borussia Mönchengladbach,1X2 RB Leipzig,1.3,1.58,21.49,3-0,G,1,15,8.7,
29/08/26,RB Leipzig - Borussia Mönchengladbach,O/U 3.5 Over,1.928,2.22,15.16,3-0,F,0,7.5,-7.5,
29/08/26,1. FC Union Berlin - Eintracht Frankfurt,1X2 Eintracht Frankfurt,2.612,2.83,8.35,3-3,G,1,5,9.15,
29/08/26,1. FC Köln - TSG 1899 Hoffenheim,O/U 3.5 Over,2.008,2.46,22.50,3-2,G,1,7.5,10.95,
29/08/26,Borussia Dortmund - Hamburger SV,O/U 3.5 Over,1.943,2.32,19.39,2-0,F,0,7.5,-7.5,
29/08/26,Levante UD - Real Betis Balompié,1X2 Real Betis Balompié,1.814,2.1,15.77,5-2,F,0,12.5,-12.5,
29/08/26,Levante UD - Real Betis Balompié,O/U 2.5 Over,1.696,2,17.95,5-2,G,1,15,15,
29/08/26,Real Sociedad de Fútbol - RCD Espanyol de Barcelona,O/U 2.5 Under,1.909,2.05,7.39,2-1,F,0,10,-10,
29/08/26,Sevilla FC - Club Atlético de Madrid,1X2 Club Atlético de Madrid,1.898,2.16,13.81,1-3,G,1,10,11.6,
29/08/26,Sevilla FC - Club Atlético de Madrid,O/U 2.5 Over,1.846,1.99,7.79,1-3,G,1,10,9.9,
29/08/26,SBV Excelsior - Sparta Rotterdam,1X2 Gelijkspel,3.74,3.88,3.74,2-1,F,0,5,-5,
29/08/26,SBV Excelsior - Sparta Rotterdam,1X2 Sparta Rotterdam,2.528,2.7,6.78,2-1,F,0,5,-5,
29/08/26,AZ - Go Ahead Eagles,1X2 AZ,1.175,1.41,20.04,5-2,G,1,20,8.2,
29/08/26,AZ - Go Ahead Eagles,O/U 3.5 Over,1.586,1.99,25.46,5-2,G,1,15,14.85,
29/08/26,PEC Zwolle - NEC,1X2 NEC,1.478,1.69,14.36,1-3,G,1,20,13.8,
29/08/26,RC Strasbourg Alsace - Racing Club de Lens,1X2 Racing Club de Lens,1.681,2.14,27.30,2-1,F,0,12.5,-12.5,
29/08/26,Olympique Lyonnais - Le Havre AC,O/U 2.5 Over,1.532,1.72,12.28,1-1,F,0,12.5,-12.5,
29/08/26,AJ Auxerre - Angers SCO,1X2 Gelijkspel,2.799,3.67,31.12,1-3,F,0,5,-5,
29/08/26,AJ Auxerre - Angers SCO,O/U 2.5 Under,1.264,1.88,48.75,1-3,F,0,15,-15,
29/08/26,Stade Brestois 29 - Toulouse FC,1X2 Stade Brestois 29,2.008,2.74,36.45,2-2,F,0,7.5,-7.5,
29/08/26,Liverpool FC - Nottingham Forest FC,1X2 Liverpool FC,1.24,1.45,16.94,2-2,F,0,20,-20,
29/08/26,AFC Bournemouth - Everton FC,1X2 Gelijkspel,2.921,3.63,24.29,1-1,G,1,5,13.15,
29/08/26,AFC Bournemouth - Everton FC,O/U 2.5 Under,1.467,2,36.36,1-1,G,1,15,15,
29/08/26,Tottenham Hotspur FC - Newcastle United FC,1X2 Newcastle United FC,2.577,3.1,20.28,0-2,G,1,7.5,15.75,
29/08/26,FC Alverca - CD Santa Clara,1X2 CD Santa Clara,1.937,2.64,36.26,1-1,F,0,7.5,-7.5,
29/08/26,US Sassuolo Calcio - Torino FC,1X2 Gelijkspel,3.214,3.42,6.42,2-1,F,0,5,-5,
29/08/26,US Sassuolo Calcio - Torino FC,1X2 Torino FC,2.739,3.42,24.87,2-1,F,0,5,-5,
29/08/26,AC Monza - Udinese Calcio,1X2 Udinese Calcio,1.717,2.42,40.95,2-3,G,1,10,14.2,
29/08/26,ACF Fiorentina - Frosinone Calcio,1X2 ACF Fiorentina,1.218,1.68,37.97,0-3,F,0,15,-15,
29/08/26,Juventus FC - Parma Calcio 1913,O/U 2.5 Under,2.072,2.2,6.17,2-0,G,1,7.5,9,
Dagtotaal 29/08/26,,,,,,,,,315.00,16.75,ROI 5.3% · 30 plays

30/08/26,SC Freiburg - SV Werder Bremen,1X2 SC Freiburg,1.575,2.08,32.04,4-1,G,1,10,10.8,
30/08/26,SC Freiburg - SV Werder Bremen,O/U 2.5 Over,1.527,1.83,19.87,4-1,G,1,15,12.45,
30/08/26,RC Celta de Vigo - Athletic Club,1X2 RC Celta de Vigo,2.182,2.46,12.77,0-2,F,0,10,-10,
30/08/26,FC Utrecht - PSV,1X2 PSV,1.147,1.67,45.57,1-6,G,1,15,10.05,
30/08/26,FC Utrecht - PSV,O/U 3.5 Over,1.461,2,36.85,1-6,G,1,12.5,12.5,
30/08/26,Feyenoord Rotterdam - ADO Den Haag,O/U 3.5 Over,1.567,1.75,11.68,2-2,G,1,10,7.5,
30/08/26,Telstar 1963 - AFC Ajax,1X2 AFC Ajax,1.261,1.6,26.93,0-4,G,1,20,12,
30/08/26,Telstar 1963 - AFC Ajax,O/U 3.5 Over,1.615,2.05,26.94,0-4,G,1,12.5,13.12,
30/08/26,Paris FC - OGC Nice,O/U 2.5 Over,1.521,2.14,40.73,3-0,G,1,15,17.1,
30/08/26,AS Monaco FC - Olympique de Marseille,1X2 AS Monaco FC,1.733,2.58,48.84,2-0,G,1,10,15.8,
30/08/26,AS Monaco FC - Olympique de Marseille,O/U 3.5 Over,1.859,2.49,33.97,2-0,F,0,7.5,-7.5,
30/08/26,Sunderland AFC - Fulham FC,1X2 Gelijkspel,2.895,3.39,17.09,1-0,F,0,5,-5,
30/08/26,Sunderland AFC - Fulham FC,O/U 2.5 Under,1.465,1.75,19.44,1-0,G,1,15,11.25,
30/08/26,Chelsea FC - Brighton & Hove Albion FC,1X2 Chelsea FC,1.69,1.87,10.69,4-3,G,1,15,13.05,
30/08/26,Chelsea FC - Brighton & Hove Albion FC,O/U 2.5 Over,1.362,1.69,24.05,4-3,G,1,20,13.8,
30/08/26,Leeds United FC - Brentford FC,1X2 Leeds United FC,2.078,2.45,17.89,1-1,F,0,10,-10,
30/08/26,Leeds United FC - Brentford FC,O/U 2.5 Over,1.692,1.95,15.28,1-1,F,0,12.5,-12.5,
30/08/26,Manchester United FC - Ipswich Town FC,O/U 2.5 Over,1.454,1.61,10.72,5-2,G,1,15,9.15,
30/08/26,CD Nacional - CF Estrela da Amadora,1X2 CD Nacional,1.531,2.3,50.23,2-3,F,0,10,-10,
30/08/26,CD Nacional - CF Estrela da Amadora,O/U 2.5 Over,1.782,1.97,10.55,2-3,G,1,10,9.7,
30/08/26,Casa Pia AC - Moreirense FC,1X2 Moreirense FC,1.925,3.49,81.26,0-1,G,1,7.5,18.68,
30/08/26,SSC Napoli - Como 1907,1X2 SSC Napoli,1.757,2.55,45.10,1-2,F,0,12.5,-12.5,
30/08/26,SSC Napoli - Como 1907,O/U 2.5 Over,1.99,2.41,21.13,1-2,G,1,10,14.1,
30/08/26,SS Lazio - Genoa CFC,1X2 SS Lazio,1.395,2.07,48.43,1-0,G,1,12.5,13.37,
30/08/26,SS Lazio - Genoa CFC,O/U 2.5 Over,2.042,2.47,20.97,1-0,F,0,7.5,-7.5,
30/08/26,Cagliari Calcio - FC Internazionale Milano,1X2 FC Internazionale Milano,1.082,1.49,37.68,0-1,G,1,20,9.8,
30/08/26,Cagliari Calcio - FC Internazionale Milano,O/U 2.5 Over,1.248,1.99,59.41,0-1,F,0,15,-15,
Dagtotaal 30/08/26,,,,,,,,,335.00,134.22,ROI 40.1% · 27 plays

31/08/26,FC Barcelona - Rayo Vallecano de Madrid,O/U 3.5 Over,1.893,2.05,8.30,5-2,G,1,15,15.75,
31/08/26,Sport Lisboa e Benfica - GD Estoril Praia,O/U 3.5 Over,1.296,2,54.34,2-1,F,0,15,-15,
31/08/26,Sporting Clube de Braga - Vitória SC,1X2 Sporting Clube de Braga,1.47,1.69,14.98,1-0,G,1,15,10.35,
31/08/26,Sporting Clube de Braga - Vitória SC,O/U 2.5 Over,1.548,1.95,25.95,1-0,F,0,12.5,-12.5,
31/08/26,US Lecce - AS Roma,1X2 AS Roma,1.262,1.59,26.01,0-4,G,1,20,11.8,
31/08/26,US Lecce - AS Roma,O/U 2.5 Over,1.915,2.19,14.37,0-4,G,1,10,11.9,
31/08/26,Atalanta BC - Bologna FC 1909,1X2 Atalanta BC,1.521,1.92,26.27,1-0,G,1,15,13.8,
31/08/26,Atalanta BC - Bologna FC 1909,O/U 2.5 Over,1.772,1.9,7.20,1-0,F,0,12.5,-12.5,
Dagtotaal 31/08/26,,,,,,,,,115.00,23.60,ROI 20.5% · 8 plays

EINDTOTAAL,,,,,,,,,10600.00,564.72,ROI 5.33% · 940 plays · trefkans 45%